{
    "doctor/physician": "médico, doctor",
    "attending physician": "médico de planta",
    "intern": "interno, residente de primer año",
    "medical doctor (mo)": "doctor en medicina",
    "medical fellow": "médico investigador",
    "medical student": "estudiante de medicina",
    "osteopathic doctor (do)": "doctor en osteopatía",
    "resident": "residente",
    "specialist": "especialista",
    "emergency medical technician": "técnico en emergencias médicas",
    "home care attendant": "asistente de apoyo, domiciliario",
    "laboratory technician": "técnico de laboratorio",
    "midwife": "partera, comadrona",
    "nurse": "enfermero/a",
    "certified nurse": "enfermero/a certificado",
    "nurse practitioner": "enfermero/a altamente especializada licenciado/a para formular o recetar o prescribir",
    "licensed practical nurse": "enfermero/a licenciado/a",
    "registered nurse": "enfermero/a registrado/a",
    "visiting nurse": "enfermero/a domiciliario/a",
    "nurse’s aide": "asistente de enfermería",
    "personnel": "personal",
    "physician's assistant (pa)": "asistente médico especializado",
    "physical therapist": "fisioterapueta",
    "occupational therapist": "terapeuta ocupacional",
    "social worker": "trabajador social, asistente social",
    "clinical social worker (msw)": "trabajador social especializado en psicoterapia",
    "technician": "técnico",
    "account representative": "representante de cuentas",
    "admissions": "admisiones, ingresos",
    "admit a patient": "internar // hospitalizar // admitir a un paciente",
    "appointment": "cita",
    "bill": "cuenta, factura; volante; billete",
    "birth date": "fecha de nacimiento",
    "business card": "tarjeta de presentación",
    "card": "tarjeta",
    "cashier": "cajero",
    "children": "niños/as",
    "clinic": "clínica",
    "confidential": "confidencial",
    "confidentiality": "confidencialidad",
    "consult": "consultar",
    "consultation": "consulta",
    "discharge (a patient)": "dar de alta (a un paciente)",
    "doctor’s office": "consultorio/oficina del médico, del doctor",
    "elevator": "ascensor",
    "ethics committee": "comité ético",
    "exit": "salida",
    "faith": "fe",
    "to have faith": "tener fe",
    "family": "familia",
    "fill out (forms)": "rellenar/llenar (formularios)",
    "follow-up appointment": "cita de seguimiento o de control",
    "friends": "amigos/as",
    "front desk": "mesa del frente, mesa principal, mostrador",
    "funeral home": "funeraria",
    "god": "dios",
    "health care proxy": "poder médico, de salud, reglamento de la atención médica o persona apoderada",
    "health insurance": "seguro médico, seguro de salud",
    "health maintenance organization (hmo)": "hmo (organización para la administración de la salud)",
    "height": "estatura",
    "history": "historia, historial",
    "hospice": "hospicio especializado en cuidado terminal o para pacientes desahuciados o sin esperanza de vida",
    "hospital": "hospital",
    "intensive care unit": "unidad de cuidados intensivos",
    "interpreter": "intérprete",
    "informed consent": "consentimiento informado",
    "to consent": "consentir",
    "inpatient care": "cuidado/atención de pacientes internos",
    "insurance card": "tarjeta del seguro",
    "insurance company": "compañía de seguros",
    "job": "trabajo, empleo",
    "kilogram": "kilo, kilogramo",
    "knowledge": "conocimiento, sabiduría",
    "labor and industry": "trabajo e industria",
    "laboratory": "laboratorio",
    "living will": "testamento",
    "lobby": "recepción, vestíbulo",
    "managed care": "sistema de administración de salud",
    "meal": "comida",
    "medical chart": "récord, archivo o historial médico/tabla médica",
    "medical history": "historial médico",
    "medical records": "informes/archivos médicos",
    "mental hospital": "hospital mental, hospital psiquiátrico",
    "morgue": "morgue, mortuorio",
    "next of kin": "parientes más cercanos, parientes más próximos",
    "nursing home": "asilo, ancianato, hogar de ancianos donde se presta atención o cuidado médico",
    "outpatient care": "cuidado/atención a pacientes externos",
    "pamphlet": "panfleto, folleto",
    "patient": "paciente",
    "patient advocate": "abogado, defensor or representante del paciente",
    "patient's bill of rights": "carta de declaración de los derechos del paciente",
    "payment": "pago",
    "personal": "personal",
    "please": "por favor; complacer (vb.)",
    "privacy": "privacidad",
    "procedure consent form": "formulario de consentimiento de procedimiento",
    "psychiatric ward": "sala de psiquiatría",
    "relatives": "parientes",
    "restroom": "cuarto de baño",
    "shelter": "asilo, amparo, refugio, abrigo",
    "women’s": "para mujeres",
    "homeless": "para indigentes, los sin hogar, los sin techo,",
    "toilet": "sevicio, baño, cuarto de baño, aseo, w.c.",
    "waiting room": "sala de espera",
    "walk-in clinic": "ambulatorio, clínica de urgencias",
    "welfare": "bienestar o asistencia social",
    "worker’s compensation": "compensación a los trabajadores",
    "work related injury": "accidente laboral, accidente de trabajo",
    "work release": "relevo del trabajo/exención del trabajo",
    "workforce": "personal, plantilla, mano de obra; población activa de un país",
    "external": "externas",
    "head and nec": ":",
    "cabeza y cuello": "cheek",
    "mejilla, cachete, moflete, carrillo": "chin",
    "barbilla": "cornea",
    "córnea": "cranium",
    "cráneo": "dentine",
    "dentina, marfil": "ear (internal/external)",
    "oreja, oído": "eardrum",
    "tímpano": "ear canal",
    "canal del oído": "ear lobe",
    "lóbulo del oído": "eye",
    "ojo": "eyelash",
    "pestaña": "eyebrows",
    "cejas": "eyelids",
    "párpados": "forehead",
    "frente": "gums",
    "encías": "hair",
    "pelo, cabello": "incisor",
    "incisivo": "jaw",
    "mandíbula": "lip",
    "labio": "lower lip",
    "labio inferior": "molar",
    "muela, molar": "mouth",
    "boca": "nape",
    "cogote, nuca": "nose",
    "nariz": "nose-bridge",
    "puente nasal, de la nariz": "nostril",
    "ventana o agujero de la nariz": "orthodontia",
    "ortodoncia": "palate",
    "paladar": "scalp",
    "cuero cabelludo": "sputum",
    "saliva, esputo": "taste buds",
    "papilas gustativas": "teeth",
    "dientes": "throat",
    "garganta": "tongue",
    "lengua": "temple",
    "sien": "upper lip",
    "labio superior": "uvula",
    "úvula": "wisdom tooth",
    "muela del juicio, muela cordal": "trun",
    ":": "tronco",
    "abdomen": "abdomen",
    "abdominal": "menstrual",
    "armpit": "axila, sobaco",
    "back": "espalda",
    "navel/belly button": "ombligo",
    "bust": "busto, pecho",
    "chest": "pecho",
    "crotch": "entrepierna, bragadura",
    "elbow": "codo",
    "finger": "dedo (de la mano)",
    "fingernail": "uña (de la mano)",
    "flank": "flanco, lado, costado",
    "hand": "mano",
    "hips": "caderas",
    "hip joint": "articulación/coyuntura de la cadera",
    "limb": "miembro,e extremidad",
    "nipple": "pezón",
    "organ": "órgano",
    "palm": "palma",
    "quadrant": "cuadrante",
    "shoulder": "hombro",
    "shoulder joint": "articulación/coyuntura del hombro",
    "side": "costado, lado",
    "skin": "piel",
    "thumb": "pulgar",
    "waist": "cintura",
    "wrist": "muñeca",
    "lower body": "parte inferior del cuerpo:",
    "ankle": "tobillo",
    "anus": "ano",
    "arch of foot": "arco del pie",
    "ball of foot": "antepié",
    "buttock": "nalga",
    "calf/calves": "pantorrilla/s",
    "knee": "rodilla",
    "genital area": "area/zona genital",
    "genitalia": "genitales",
    "groin": "ingle",
    "heel of foot": "talón",
    "inguinal region": "ingles, región inguinal",
    "lower back/lumbar": "lumbares, zona inferior de la espalda",
    "pelvis": "pelvis",
    "perineum": "perineo",
    "rectum": "recto",
    "shin": "espinilla",
    "thigh": "muslo",
    "toe": "dedo del pie",
    "toenail": "uña (del pie)",
    "internal": "interno",
    "head and neck:": "cabeza y cuello:",
    "brain fissure": "cisura cerebral",
    "brain stem": "tronco cerebral",
    "cerebral-spinal fluid": "líquido cefalorraquídeo, líquido cerebro-espinal",
    "conjunctiva (of eye)": "conjuntiva (del ojo)",
    "epiglottis": "epiglotis",
    "gland": "glándula",
    "hypothalamus": "hipotálamo",
    "iris": "iris",
    "larynx": "laringe",
    "lens of eye": "cristalino; lente del ojo",
    "mucus": "moco",
    "optic nerve": "nervio óptico",
    "phlegm": "flema, gargajo",
    "pharynx": "faringe",
    "pituitary gland": "glándula pituitaria",
    "pupil of eye": "pupila",
    "retina": "retina",
    "saliva": "saliva",
    "salivary gland": "glándula salivar",
    "sinus": "senos",
    "skull": "cráneo",
    "tear duct": "conducto lacrimal",
    "tear gland": "glándula lacrimal",
    "tears": "lágrimas",
    "thymus": "timo",
    "thyroid": "tiroides",
    "tissue": "tejido",
    "tonsil": "amígdala, tonsila",
    "trachea": "tráquea",
    "vocal chords": "cuerdas vocales",
    "wax (ear)": "cera, cerumen (oído)",
    "trunk:": "tronco",
    "adrenal glands": "glándulas adrenales",
    "airways": "vías respiratorias",
    "alveolus": "alvéolo",
    "aorta": "aorta",
    "appendix": "apéndice",
    "artery": "arteria",
    "carotid artery": "arteria carótida",
    "coronary artery": "arteria coronaria",
    "femoral artery": "arteria femoral",
    "pulmonary artery": "arteria pulmonar",
    "arterioles": "arteriolas",
    "atrium": "atrio",
    "backbone": "espinazo, columna vertebral",
    "bile": "bilis",
    "bladder": "vejiga",
    "blood vessels": "vasos sanguíneos",
    "bone": "hueso",
    "bowel": "intestino",
    "bronchus": "bronquio",
    "bronchi": "bronquios",
    "bronchioles": "bronquiolos",
    "capillary": "capilar",
    "cartilage": "cartílago",
    "clavicle (collar bone)": "clavícula",
    "coccyx": "cóccix, coxis",
    "colon": "colon",
    "diaphragm": "diafragma",
    "ducts": "conductos",
    "esophagus": "esófago",
    "fibula": "fíbula / peroné",
    "gall bladder": "vesícula biliar",
    "glanglion": "ganglio",
    "heart": "corazón",
    "heart valve": "válvula cardiaca",
    "joint": "articulación, junta, juntura",
    "joint capsule": "cápsula articular",
    "kidney": "riñón",
    "large intestine": "intestino grueso",
    "liver": "hígado",
    "lobules": "lóbulos",
    "lungs": "pulmones",
    "lymph": "linfa",
    "lymph gland": "glándula linfática",
    "lymph nodes": "nódulos linfáticos",
    "lymphatic system": "sistema linfático",
    "muscle": "músculo",
    "cardiac muscle": "músculo cardiaco",
    "myocardium": "miocardio",
    "nerve": "nervio",
    "organs": "órganos",
    "pancreas": "páncreas",
    "pectoralis": "pectorales",
    "pulmonary alveoli": "alvéolos pulmonares",
    "purkinje fibers": "fibras de purkinje",
    "ribs": "costillas",
    "scapula": "escápula/omoplato",
    "sinoatrial node (sa node)": "nódulo sinoatrial",
    "small intestine": "intestino delgado",
    "sphincter": "esfínter",
    "spinal cord": "médula espinal",
    "spinal disk": "disco espinal",
    "spine": "espina",
    "spine marrow": "médula espinal",
    "spleen": "bazo",
    "sternum": "esternón",
    "stomach": "estómago",
    "tibia": "tibia",
    "ureter": "uréter",
    "urethra": "uretra",
    "urine": "orina",
    "valve": "válvula",
    "aortic valve": "válvula aórtica",
    "atrioventricular valve (av valve)": "válvula atrioventricular",
    "pulmonary valve": "válvula pulmonar",
    "vein": "vena",
    "venules": "vénulas",
    "ventricle of heart": "ventrículo cardiaco",
    "vertebra/vertebral column": "vertebra / columna vertebral",
    "ligament": "ligamento",
    "patella/kneecap": "rótula",
    "synovial capsule": "cápsula sinobial",
    "tendon": "tendón",
    "male": "varones",
    "epididymis": "epididimo",
    "foreskin": "prepucio",
    "penis": "pene",
    "prostate gland": "glándula prostática",
    "scrotum": "escroto",
    "semen": "semen",
    "seminal vesicle": "vesícula seminal",
    "seminiferous tubule": "túbulos seminíferos",
    "sperm": "esperma",
    "testicle": "testículo",
    "vas deferens": "vasos deferentes",
    "female": "mujeres",
    "aureole": "aureola",
    "breast": "seno, mama, pecho, busto",
    "cervix": "cerviz, cérvix",
    "clitoris": "clítoris",
    "endometrium": "endometrio",
    "fallopian tube": "trompas de falopio",
    "hymen": "himen",
    "labium": "labio",
    "ovary": "ovario",
    "ovule": "óvulo",
    "ovum": "huevo, óvulo",
    "uterus": "útero",
    "vagina": "vagina",
    "vulva": "vulva",
    "womb": "útero, matriz",
    "abrasion": "abrasión",
    "abuse": "abuso, maltrato",
    "abscess": "absceso, flemón",
    "abscess of a tooth": "absceso de un diente",
    "acidity": "acidez",
    "accident": "accidente",
    "allergic reaction": "reacción alérgica",
    "local": "reacción local",
    "systemic": "reacción sistémica",
    "anguish": "angustia, congoja",
    "appetite (loss of)": "apetito (pérdida de)",
    "asthmatic episode": "episodio asmático",
    "attack": "ataque",
    "to have an attack": "tener un ataque",
    "bags (under the eye)": "bolsas",
    "beat (abuse)": "golpe (abuso)",
    "beating": "paliza, golpiza",
    "bedbug": "chinche",
    "belch": "eructo",
    "to belch": "eructar",
    "belief": "creencia",
    "belief system": "sistema de creencias",
    "bewitched": "embrujado/a",
    "bite": "mordedura, picadura, mordisco",
    "of an animal": "de un animal",
    "of an insect": "de un insecto",
    "birthmark": "marca de nacimiento",
    "blackhead": "espinilla, poro, punto negro",
    "bleed": "sangrar",
    "bleeding": "sangrando, sangrante",
    "blindness": "ceguera",
    "blister": "ampolla",
    "to blister": "ampollar, ampollarse",
    "bloated": "hinchado, inflamado",
    "bloody": "sangrante, sangriento",
    "blow (strike to the body)": "un golpe",
    "blurred vision": "visión borrosa",
    "bowel movement": "movimientos intestinales",
    "to have a bowel movement": "defecar, tener un movimiento intestinal",
    "breath": "respiro",
    "breathing": "respiración",
    "rapid breathing": "respiración rápida",
    "to breathe": "respirar",
    "take a breath": "respirar, tomar un respiro",
    "broken": "roto",
    "bruise": "moradura, moratón, moretón, cardenal, magulladura",
    "build up": "acumulación, intensificación, aumento",
    "burn": "quemar (v.), quemadura (n)",
    "burping": "eructando",
    "callus": "callo",
    "chest tightness": "tensión, presión en el pecho, pecho apretado",
    "chills": "escalofrío/s",
    "choke": "ahogar(se), asfixiar(se), estrangular, atascar,",
    "obstruir, atragantar(se)": "congested",
    "congestionado/a": "congestion",
    "congestión": "constipated",
    "estreñido/a": "constipation",
    "estreñimiento": "cough",
    "tos": "nagging cough",
    "tos persistente, crónica": "coughing with blood",
    "tos con sangre, escupir sangre": "unexplainable cough",
    "tos inexplicable, sin explicación": "convulse",
    "convulsionar": "convulsions",
    "convulsiones": "sensitive",
    "retortijón, calambre, rampa, molestia menstrual": "abdominal",
    "menstrual": "muscular",
    "muscular": "menstrual",
    "aplastado, magullado, machacado": "cut",
    "cortada, cortar": "damage",
    "daño, perjuicio": "dark rings under the eyes",
    "ojeras": "deafness",
    "sordera": "deep (wound)",
    "herida profunda": "defecate",
    "defecar": "dehydrated",
    "deshidratado": "depressed",
    "deprimido": "diarrhea",
    "diarrea": "difficulty",
    "dificultad": "digestion",
    "digestión": "discharge",
    "descarga, flujo": "dislocated",
    "dislocado": "dizzy",
    "mareado": "to become dizzy",
    "marearse": "dizziness",
    "mareo": "double vision",
    "doble visión": "drowsiness",
    "somnolencia": "dryness",
    "sequedad, resequedad": "dyspnea",
    "dispnea": "earache",
    "dolor de oído": "earwax",
    "cera (del oído)": "evil eye",
    "mal de ojo": "episodically",
    "episódicamente": "faint",
    "débil (adj.), desmayo (n.)": "to feel faint",
    "debilitarse; desfallecimiento; sentirse que se va a desmayar": "fainting",
    "desmayo": "fatigued",
    "fatigado": "fester",
    "úlcera, llaga, pústula (n); enconarse, pudrirse,": "supurarse, ulcerarse",
    "fever": "fiebre",
    "feverish": "febril",
    "flu": "gripe, gripa",
    "flu-like symptoms": "síntomas como de gripa (influenza)",
    "fracture": "fractura",
    "to fracture": "fracturarse",
    "freckle": "peca",
    "frequency": "frecuencia",
    "frequent": "frecuente",
    "frequently": "frecuentemente",
    "frighten": "asustar, espantar",
    "frozen": "congelar, helar",
    "full of gas": "lleno de gas",
    "germs": "gérmenes",
    "gum infection": "infección de las encías",
    "headache": "dolor de cabeza",
    "heartburn": "acidez",
    "heart trouble": "enfermar del corazón, problemas cardiacos",
    "hoarseness": "ronquera, afonía",
    "hypersensitivity": "hipersensibilidad",
    "indigestion": "indigestión",
    "to get indigestion": "tener una indigestión",
    "infection": "infección",
    "to infect": "infectar",
    "infected": "infectado",
    "injure": "herir, dañar, lastimar, perjudicar",
    "injured": "herido",
    "injury": "herida, lesión, daño; agravio",
    "insomnia": "insomnio",
    "intercourse": "coito, relaciones sexuales con penetración",
    "intestinal gas": "gases intestinales",
    "intoxicated": "intoxicado por drogas o alcohol",
    "irregular pulse": "pulso irregular",
    "irritation": "irritación, picor",
    "itch": "picar, rascar",
    "itchiness": "comezón, picazón, rasquiña",
    "jagged": "dentado, mellado",
    "jittery": "nervioso, agitado, inquieto",
    "jumpy": "saltón, asustadizo, nervioso, aprensivo",
    "lesion": "lesión",
    "limp": "cojera",
    "to limp": "cojear",
    "lose": "perder",
    "lose consciousness": "perder la conciencia o el conocimiento, quedar inconsciente",
    "loss of vision": "pérdida de la visión",
    "lump": "bulto, bola, chichón, hinchazón, abultamiento",
    "malnourished": "malnutrido",
    "mass": "masa",
    "masturbation": "marturbación",
    "migraine": "migraña",
    "mind": "mente",
    "miracle": "milagro",
    "mold": "hongo / musgo",
    "mood swing": "cambio de humor",
    "mosquito": "mosquito",
    "nap": "siesta",
    "nausea": "náusea",
    "necrosis": "necrosis",
    "nervous": "nervioso/a",
    "nodule": "nódulo",
    "nosebleed": "sangrado de nariz",
    "numb": "entumecido",
    "to become numbed by inactivation": "entumecerse por no moverse, por falta de actividad",
    "numbness": "entumecimiento, adormecimiento",
    "open sore": "llaga abierta",
    "oozing": "rezumando, rezumante, exudante",
    "climax": "climax",
    "orgasm": "orgasmo",
    "out of breath": "sin aliento, sin respiración",
    "pain (": ")",
    "dolor": "pale",
    "pálido/a": "palpitation",
    "palpitación": "paralysis",
    "parálisis": "pass out",
    "desmayarse": "perspire",
    "sudar, transpirar, perspirar": "perspiration",
    "sudoración, transpiración, perspiración": "plugged ear",
    "oído entaponado / tapado": "prick (hurt)",
    "pinchazo, punzada": "pruritus",
    "prurito / comezón / picazón": "pulse",
    "pulso": "pus",
    "pus": "pustule",
    "pústula": "pyorrhea",
    "piorrea": "quake",
    "temblor": "quarrel",
    "disputa, pelea": "queasy",
    "delicado, débil, remilgado": "quick",
    "rápido": "quiet",
    "silencio, silencioso": "recurrent",
    "recurrente": "sharp pain",
    "reproducción": "respiration",
    "respiración": "retention",
    "retención": "rhonchous lung sounds",
    "sonidos roncos del pulmón": "rhythm",
    "ritmo": "rough",
    "áspero, tosco, grosero, rudo": "runny nose",
    "nariz que gotea, que moquea, nariz mocosa": "rupture",
    "ruptura": "ruptured",
    "roto, quebrado": "scorpion",
    "escorpión": "scratch (injury)",
    "rascadura, rascón, arañazo, rasguño, marca, señal, raspadura": "to scratch",
    "rascarse": "secrete",
    "secretar": "secretion",
    "secreción": "seizures",
    "sensible, sensitivo": "sex",
    "sexo": "anal sex",
    "sexo anal": "oral sex",
    "sexo oral": "vaginal sex",
    "sexo vaginal": "intercourse",
    "penetración, coito": "foreplay",
    "juegos preliminares": "sexual activity",
    "actividad sexual": "sexual relations",
    "relaciones sexuales": "sexual partners",
    "pareja sexual": "sexually active",
    "sexualmente activo": "shiver",
    "temblar": "shock (fright)",
    "choque, sobresalto": "shortness of breath",
    "falta de respiración": "smoke",
    "humo": "to smoke",
    "fumar": "second-hand smoke",
    "humo de tabaco de segunda mano": "snake",
    "serpiente, culebra": "sneeze",
    "estornudar": "sore throat",
    "garganta irritada, dolor de garganta": "spasm (of a muscle)",
    "espasmo (muscular)": "spicy foods",
    "comidas picantes": "spider",
    "araña": "black widow spider",
    "araña viuda negra": "spit",
    "escupitajo, gapo, saliva, esputo": "to spit",
    "escupir": "splinter",
    "astilla": "spread",
    "diseminación, propagación, extensión, difusión (n.), extender, esparcir, propagar, diseminar (vb.)": "stiffness",
    "rigidez, dureza, agarrotamiento, entumecimiento": "sting (of an insect)",
    "picadura, aguijonazo, aguijón": "to sting",
    "picar, agujonear; escocer": "strain",
    "tensión, presión; torcedura, esguince": "strained muscle",
    "esguince; músculo distendido": "stuffed",
    "relleno; disecado": "stuffed up",
    "con la nariz tapada, estar congestionado o acatarrado": "suffocate",
    "sofocar": "swallow",
    "tragar": "sweat",
    "sudor": "night sweat",
    "sudor nocturno": "to sweat",
    "sudar": "swell",
    "hinchazón, bulto": "to swell",
    "hincharse, inflar, abultar, aumentar": "swelling",
    "hinchando": "swollen",
    "hinchado, inflado, inflamado": "symptom",
    "síntoma": "symptomatic",
    "sintomático": "teary/watery eyes",
    "ojos llorosos": "temperature",
    "temperatura, fiebre": "tense",
    "tenso, tieso": "to tense up",
    "tensar, tensionar": "tension",
    "tensión": "thirst (excessive)",
    "sed (excesiva)": "tick (insect)",
    "garrapata": "tightness",
    "tensión, tirantez // estrechez": "tingling",
    "cosquilleo, hormigueo": "tired",
    "cansado/a": "tiredness",
    "cansancio": "toothache",
    "dolor de dientes": "transmission",
    "transmisión": "airborne transmission",
    "transmisión por el aire": "undernourished",
    "malnutrido": "understandable",
    "comprensible": "to understand",
    "entender, comprender": "unwanted",
    "no deseado, indeseable": "urinate",
    "orinar": "it hurts to urinate",
    "duele al orinar": "urination (excessive)",
    "orinar (excesivo)": "vision",
    "visión": "vomit",
    "vomitar": "vomiting",
    "vómito": "weak",
    "débil": "weakness",
    "debilidad": "weight fluctuations",
    "fluctuaciones de peso": "weight loss",
    "pérdida de peso": "well-hydrated",
    "bien hidratado": "wheeze",
    "resuello, ruidoso, respiración violenta o con silbido": "wheezing",
    "resollando como haciendo un silbido, respirar con silbido o pito, sibilancia": "withdrawal",
    "retirada, abandono": "worry",
    "preocupación": "to worry",
    "preocuparse": "wound",
    "herida": "a stab of pain (sudden, brief pain)",
    "dolor que traspasa, que apuñala, una picada (dolor repentino breve)": "aches (continuous dull pain)",
    "dolores": "to ache",
    "doler": "burning sensation",
    "sensación de quemadura, de quemazón, de ardor": "chronic pain",
    "dolor crónico": "cramp",
    "calambre, rampa, tirón": "muscle",
    "menstrual, dolor de ovarios, cólico": "stomach",
    "estomacal": "comes and goes",
    "viene y se va": "constant, persistent",
    "constante, persistente": "dull pain (not intense or sharp)",
    "dolor sordo / extendido": "excruciating (extremely painful)",
    "dolor agudísimo, extremo, insoportable; dolorosísimo": "generalized pain",
    "dolor generalizado": "hurts",
    "duele": "intense",
    "intenso": "intermittent pain",
    "dolor intermitente": "localized pain",
    "dolor localizado": "minor",
    "menor, mínimo": "on and off",
    "a intervalos, de vez en cuando": "painful",
    "doloroso": "pins and needles",
    "aguijonazos, hormigueos": "recurring",
    "dolor agudo, dolor punzante": "shooting pain (pain shot up my leg)",
    "dolor punzante": "smarts (sharp, local pain; usually superficial)",
    "punzada, picada, mordida": "sore",
    "dolorido, adolorido, inflamado, resentido, irritado (adj.); llaga, úlcera (n.)": "soreness",
    "dolor, inflamación, irritación": "splitting (headache)",
    "fuerte, violento (folor de cabeza)": "sting",
    "picazón, dolor agudo, escozor (n.) // picar, pinchar, punzar (vb.)": "tender (painfully sensitive)",
    "adolorido, sensible": "throbbing pain (beating with rapidity or force)",
    "palpitante": "unbearable",
    "inaguantable, insoportable": "biopsy",
    "biopsia": "blood pressure reading",
    "medición de la presión sanguínea": "blood",
    "sangre": "a pint",
    "una pinta": "antibody",
    "anticuerpo": "antigen",
    "antígeno": "blood bank",
    "banco de sangre": "blood clot",
    "coágulo de sangre": "blood count",
    "recuento globular, recuento sanguíneo": "blood donation",
    "donación de sangre": "blood glucose levels",
    "niveles de glucosa en la sangre": "blood glucose reading",
    "medición de los niveles de glucosa": "blood match (blood grouping",
    "": ")",
    "compatibilidad sanguínea, aparejamiento/ agrupamiento sanguíneo": "blood plasma",
    "plasma sanguíneo": "blood test",
    "examen sanguíneo, de sangre": "blood type",
    "grupo/tipo sanguíneo": "b-lymphocytes (b-cells)",
    "linfocitos b (células b)": "bone marrow",
    "médula ósea": "cd4 cells/cd4 count",
    "células cd4, recuento de cd4": "clotting factors",
    "factores de coagulación": "fibrin",
    "fibrina": "hematologist",
    "hematólogo": "hemoglobin",
    "hemoglobina": "leukocytes",
    "leucocitos": "mean (statistic)",
    "media (estadística)": "range",
    "rango": "red blood cells",
    "glóbulos rojos, hematíes": "samples",
    "muestras": "seroconversion",
    "seroconversión": "serology",
    "serología": "serum",
    "suero": "td (median toxic dose)",
    "dt (dosis tóxica media)": "titer",
    "título, valor": "t-lymphocytes (t-cells)",
    "linfocitos t (células t)": "white blood cells",
    "glóbulos blancos, leucocitos": "transfusion",
    "transfusión": "viral load",
    "carga viral": "bone marrow transplant",
    "transplante de medula ósea": "bone scan",
    "tomografía del hueso (ósea)": "bronchoscopy",
    "broncoscopia": "catherization",
    "caterización": "catherize",
    "caterizar": "cauterization",
    "cauterización": "cauterize",
    "cauterizar": "check-up",
    "verificar, chequear": "circumcision",
    "circuncisión": "colposcopy",
    "colposcopia": "complete physical",
    "examen físico completo": "computed tomography (ct scan)",
    "tomografía computarizada, computada (escáner ct), ct, tac": "curettage",
    "raspado, curetaje": "conization",
    "conización": "cytology",
    "citología": "cytoscopy",
    "cistoscopia": "diagnose",
    "diagosticar": "diagnosis",
    "diagnóstico": "dilation and curettage (d&amp;c)",
    "dilatación y raspado": "echocardiogram (echo)",
    "ecocardiograma/ ecocardiografía": "electrocardiogram (ekg)",
    "electrocardiograma/fía (ekg)": "electroencephalogram (eeg)",
    "electroencefalograma/fía (eeg)": "electromyogram (emg)",
    "electromiograma/fía (emg)": "elisa test for hiv",
    "elisa examen para la detección del vih": "endoscopy",
    "endoscopia": "exam",
    "examen, prueba, análisis": "excision",
    "excisión": "exercise tolerance test",
    "prueba de tolerancia física": "false negative",
    "falso negativo // negativo falso": "false positive",
    "falso positivo // positivo falso": "fast plasma glucose test (fpg)",
    "prueba de glucosa en plasma en ayunas": "filling (for tooth)",
    "empaste (dental)\\": "fluorescence microscopy",
    "microscopía fluorescente": "fluoroscopy",
    "fluoroscopia": "gastroscopy",
    "gastroscopia": "glucose meter",
    "glucómetro": "gown (clinical/hospital)",
    "bata": "holter monitor",
    "monitor de ritmo cardíaco": "hiv (human immuno-deficiency virus) test",
    "test del vih (virus de inmunodeficiencia humana)": "incision",
    "incisión": "intravenous pyelogram (ivp)",
    "pielograma intravenoso": "laboratory test",
    "examen de laboratorio": "laparoscopic prostatectomy",
    "prostatectomía laparoscópica": "laser photocoagulation",
    "foto-coagulación por láser": "laser surgery",
    "cirugía láser": "lithotripsy",
    "litrotipsia, litolapaxia": "lubricate",
    "lubricado/a": "lumbar/cervical roll",
    "almohada, almohadilla cervical, lumbar": "lumbar puncture",
    "punción lumbar": "lung function test",
    "prueba de la función pulmonar": "magnetic resonance imaging (mri)",
    "resonancia magnética nuclear (rmn)": "mammogram",
    "mamograma": "mammography",
    "mamografía": "nasal irrigation",
    "irrigación nasal": "needle aspiration biopsy",
    "biopsia por aspiración con aguja": "nerve-sparing prostatectomy",
    "prostatectomía preservadora del nervio": "observation",
    "observación": "operate",
    "operar": "operation",
    "operación": "oral glucose tolerance test",
    "prueba oral de tolerancia a la glucosa": "ova and parasite test",
    "prueba de huevos y parásitos": "pap smear",
    "papanicolau, citología": "smear",
    "frotis": "pathologist",
    "patólogo": "positron emission tomography (pet)",
    "tomografía por emisión de positrones": "ppd (purified protein derivative)",
    "proteína derivada purificada": "prescribe",
    "recetar, prescribir": "prostate-specific antigen blood test (psa)",
    "prueba de sangre del antígeno prostático específico": "pulmonary function test",
    "evaluación de la función pulmonar": "question",
    "pregunta, cuestión": "radical prostatectomy",
    "prostatectomía radical": "rapid plasma reagin (rpr)",
    "test reagínico plasmático rápido": "rectal exam",
    "examen del recto": "digital rectal exam",
    "examen rectal digital": "release",
    "dar de alta": "renal dialysis",
    "diálisis renal": "resection",
    "resección": "root canal",
    "endodoncia, tratamiento de conductos": "run a test",
    "hacer un examen, llevar a cabo un examen": "screening tests",
    "exámenes de detección": "screening (screening the population)",
    "reconocimiento": "semen analysis",
    "análisis seminal": "serological test",
    "prueba serológica": "skin allergy testing",
    "pruebas de alergias de la piel": "sonogram",
    "sonograma / ecografia": "specimen",
    "espécimen, muestra, modelo": "sphygmomanometer",
    "esfigmomanómetro": "spirometry",
    "espirometría": "sterilization",
    "esterilización": "sterilize",
    "esterilizar": "stick out the tongue",
    "sacar la lengua": "stool sample/specimen",
    "muestra de la materia fecal, del excremento": "stomach pump",
    "bomba estomacal, lavativa": "survey",
    "estudio, examen, reconocimiento, encuesta": "test",
    "examen": "test strip",
    "tira de detección, tirilla": "temperature reading",
    "medición de la temperatura": "oral",
    "oral": "anal",
    "anal": "throat/wound culture",
    "cultivo de la garganta, de una herida": "thyroid image",
    "imágen tiroidea": "tonometry",
    "tonometría": "tourniquet",
    "torniquete": "tsh (thyroid stimulating hormone) assay",
    "estudio de la hormona estimuladora de la tiroides": "tuberculin test",
    "test de la tuberculina": "turn over",
    "volcar, voltearse, darse la vuelta": "ultrasound",
    "ecografia/ ultrasonido/ ecocardiografía": "focused unltrasound surgery (fus)",
    "cirugía de ultrasonido enfocado": "high intensity focused ultrasound (hifu)",
    "ultrasonido enfocado de alta intensidad": "therapeutic ultrasound",
    "ultrasonido terapéutico": "undress",
    "desvestirse, desnudarse": "upper gi series",
    "seriada gastrointestinal": "urinalysis",
    "urinálisis, análisis de la orina": "urine test",
    "examen de la orina": "visual fields examination",
    "examen del campo visual": "x-ray",
    "radiografía/ rayos x": "chest x-ray",
    "radiografía del pecho": ":",
    "bedpan": "orinal, cuña, silleta",
    "brace": "grapa, tirante, tensor, abrazadera",
    "cane": "bastón, caña",
    "catheter": "catéter",
    "crutches": "muletas",
    "curette": "cureta, raspador",
    "cystoscope": "cistoscopio",
    "endoscope": "endoscopio",
    "flow meter": "metro para medir el flujo, el fluído",
    "fluoroscope": "fluoroscopio",
    "heating pad": "almohadilla de calor, almohada eléctrica",
    "hypodermic needle": "aguja hipodérmica",
    "laparoscope": "laparoscopio",
    "loop": "lazo // presilla, anilla, abrazadera",
    "mercurochrome": "mercuriocromo",
    "meter": "metro",
    "microscope": "microscopio",
    "needle/syringe": "jeringuilla // jeringa",
    "outlet protector": "protector de salida",
    "peak flow meter": "medidor de flujo máximo",
    "pumps": "escarpines, zapatillas // bombas",
    "stethoscope": "estetoscopio",
    "thermometer": "termómetro",
    "tuning fork": "diapasón",
    "tweezers": "pinzas, tenacillas",
    "walker": "andador",
    "wheelchair": "silla de ruedas",
    "abnormal": "anormal",
    "acne": "acné",
    "acute condition": "enfermedad/ afección/ condición aguda/grave",
    "addiction": "adicción",
    "aids (acquired immuno-deficiency syndrome)": "sida (síndrome de inmunodeficiencia adquirida)",
    "alcohol abuse": "abuso de alcohol",
    "alcohol withdrawal": "abstinencia del alcohol",
    "alcoholism": "alcoholismo",
    "allergy": "alergia",
    "allergen": "alérgeno",
    "anemia": "anemia",
    "anemic": "anémico/a",
    "aneurysm": "aneurisma",
    "arrythmia": "arritmia",
    "artherosclerosis": "arterioesclerosis",
    "arthritis": "artritis",
    "asthma": "asma",
    "mild intermittent asthma": "asma leve intermitente",
    "mild persistent asthma": "asma leve persistente",
    "moderate persistent asthma": "asma moderada persistente",
    "severe persistent asthma": "asma severa persistente",
    "asthmatic": "asmático",
    "asymptomatic": "asintomático",
    "autoimmune disease": "enfermedad autoimmune",
    "bacterial vaginosis (bv)": "vaginosis bacteriana",
    "benign prostatic hyperplasia (bph)": "hiperplasia prostática benigna",
    "bowel dysfunction": "disfunción intestinal",
    "break down (v)": "descomponer",
    "bronchitis": "bronquitis",
    "cancer": "cáncer",
    "catarrh": "catarro",
    "cavity (dental)": "cavidad (dental)",
    "chancre": "chancro",
    "chronic condition": "estado crónico",
    "chlamydia": "clamidia",
    "clogged ateries": "arterias obstruídas",
    "cold (illness)": "resfriado, catarro",
    "cold sore": "herpes labial, llaga labial",
    "color blindness": "daltonismo",
    "contagious": "contagioso/a",
    "infectious": "infeccioso",
    "crippled": "lisiado, tullido",
    "cyst": "quiste",
    "cystic fibrosis": "fibrosis quística",
    "deviated nasal septum": "tabique (septum) nasal desviado",
    "diabetes": "diabetes",
    "adult onset": "principio en edad adulta",
    "childhood": "niñez",
    "type 1 diabetes": "diabetes tipo 1",
    "type 2 diabetes": "diabetes tipo 2",
    "diabetic nephropathy": "nefropatía diabética",
    "diphtheria": "difteria",
    "disability": "invalidez, minusvalía, discapacidad, incapacidad, inhabilidad",
    "ductal carcinoma": "carcinoma ductal",
    "dyslexia": "dislexia",
    "dypsnea": "disnea",
    "dysentery": "disentería",
    "dysuria": "disuria",
    "edema": "edema",
    "embryonal cell carcinoma": "carcinoma celular embrional",
    "epilepsy": "epilepsia",
    "erectile dysfunction/compliation": "disfunción, complicación eréctil",
    "failure (medical context)": "fallo, insuficiencia (contexto médico)",
    "fever blister": "ampolla de fiebre en los labios, herpes labial",
    "food poisoning": "intoxicación",
    "fungus": "hongos",
    "fuzz": "vello, pelusa",
    "gallstone": "cálculo biliar",
    "gangrene": "gangrena",
    "gastroesophageal reflux disease (grd)": "enfermedad de reflujo gastroesofageal",
    "genital warts": "verrugas genitales",
    "gingivitis": "gingivitis",
    "glycosuria": "glicosuria",
    "goiter": "bocio, coto",
    "gonorrhea": "gonorrea",
    "hay fever": "fiebre del heno",
    "heart attack/myocardial infarction": "ataque cardiaco/infarto de miocardio",
    "heart disease": "enfermedad cardiaca",
    "congenital heart disease": "enfermedad congenital cardiaca",
    "heart murmur": "soplo cardiaco",
    "heart rate": "ritmo cardiaco, ritmo del corazón",
    "hematuria": "hematuria",
    "hemophillus": "hemófilo",
    "hemorrhoids": "hemorroides, almorranas",
    "hepatitis": "hepatitis",
    "viral hepatitis": "hepatitis viral",
    "hernia": "hernia",
    "herpes virus": "virus del herpes",
    "genital herpes": "herpes genital",
    "hiv (human immuno-deficiency virus)": "vih (virus de inmunodeficiencia humana)",
    "hives": "urticaria",
    "human papilloma virus (hpv)": "virus del papiloma humano",
    "hyper-cholesterolemia": "hiper-colesterolemia",
    "hyperemesis gravida": "hiperemésis gravídica",
    "hyperglycemia": "hiperglucemia",
    "hypertension/high blood pressure": "hipertensión, alta presión arterial/ sanguínea",
    "silent killer": "asesino silencioso",
    "white coat syndrome": "síndrome de bata blanca",
    "rapid onset": "aparición rápida",
    "systolic": "sistólico",
    "diastolic": "diastólico",
    "essential hypertension": "hipertensión esencial",
    "secondary hypertension": "hipertensión secundaria",
    "hypotension": "hipotensión",
    "hyperthyroidism (graves disease)": "hipertiroidismo (enfermedad de graves)",
    "hypoglycemia": "hipoglucemia",
    "impetigo": "impétigo",
    "inflammation": "inflamación",
    "influenza": "influenza, gripe, gripa",
    "inguinal syndrome": "síndrome inguinal",
    "intensive": "intensivo",
    "invasive": "invasivo, invasor",
    "jaundice": "ictericia",
    "kidney disease": "enfermedad del riñón",
    "lactose intolerance": "intolerancia a la lactosa",
    "leprosy (hansen’s disease)": "lepra (enfermedad de hansen)",
    "lobular carcinoma": "carcinoma lobular",
    "low blood pressure": "presión/tensión sanguínea baja",
    "lupus": "lupus",
    "lymphogranuloma venerum (lgv)": "linfogranuloma venerum (venéreo)",
    "mastitis": "mastitis",
    "microorganism": "microorganismo",
    "obese": "obeso/a",
    "obesity": "obesidad",
    "onset": "principio, comienzo, inicio",
    "osteoporosis": "osteoporosis",
    "overactive thyroid": "tiroides hiperactiva",
    "overweight": "sobrepeso",
    "parasite": "parásito",
    "parasitic infection": "infección parasitaria",
    "periodontal disease": "enfermedad periodental",
    "pharyngeal syndrome": "síndrome faríngeo",
    "plague": "plaga / peste bubónica",
    "pneumonia": "neumonía",
    "pre-diabetes": "prediabetes",
    "rabies": "rabia",
    "rectal syndrome": "síndrome rectal",
    "retrovirus": "retrovirus",
    "rheumatic fever": "fiebre reumática",
    "salmonella": "salmonela",
    "scarlet fever": "fiebre escarlata / escarlatina",
    "seminal vesicle invasion": "invasión de la vesícula seminal",
    "sessile polyp": "pólipo sésil",
    "sexually transmitted disease (std)": "enfermedad de transmisión sexual (ets)",
    "shingles": "herpes zoster, culebrilla",
    "sinus disease": "enfermedad de los senos",
    "sinusitis": "sinusitis",
    "sleep apnea": "apnea del sueño",
    "slipped disk": "vértebra dislocada",
    "sprain": "torcedura, torcer",
    "sprained": "torcido, luxado, dislocado",
    "strep throat": "angina de la garganta; infeccion estreptococcica de la garganta",
    "stroke": "apoplejía, derrame cerebral",
    "sunburn": "quemadura solar",
    "syphilis": "sífilis",
    "congenital syphilis": "sífilis congenital",
    "syphilis sores": "llagas de la sífilis",
    "tapeworm": "solitaria, lombriz solitaria, tenia",
    "tendonitis": "tendonitis, tendinitis",
    "tetanus": "tétanos",
    "thrombosis": "trombosis",
    "tonsillitis": "tonsillitis, amigdalitis",
    "tooth decay": "caries",
    "trichomonas": "tricomonas",
    "tuberculosis": "tuberculosis",
    "active primary tuberculosis": "tuberculosis activa primaria",
    "extensively drug-resistant tuberculosis": "tuberculosis extensivamente resistente a la droga",
    "miliary tuberculosis": "tuberculosis miliar",
    "multi-drug resistant tuberculosis (mdr-tb)": "tuberculosis resistente a múltiples drogas",
    "primarytuberculosis": "tuberculosis primaria",
    "latent (dormant) tuberculosis": "tuberculosis latente (dormida)",
    "tuberculosis (secondary)": "tuberculosis (secundaria)",
    "vaccine": "vacuna",
    "bcg vaccine": "vacuna bcg",
    "typhoid fever": "fiebre tfoidea",
    "uremia": "uremia",
    "urinary dysfunction": "disfunción urinaria",
    "varicose veins": "venas vricosas, varices",
    "vasospasms": "vasoespasmo",
    "venereal disease": "enfermedad venérea",
    "virus": "virus",
    "viral infection": "infección viral",
    "worm": "lombriz, gusano",
    "allergy shots": "inyecciones contra las alergias",
    "amphetamines": "anfetaminas",
    "analgesic": "analgésico",
    "antiacid": "antiácido",
    "antibiotic": "antibiótico",
    "anticholinergic drugs": "drogas anticolinérgicas",
    "anticoagulant": "anticoagulante",
    "anticonvulsant": "anticonvulsivo",
    "antidepressant": "antidepresivo",
    "antidiarrheal": "antidiarréico",
    "antiemetic": "antiemético (antivomitivo)",
    "antihistamine": "antihistamínico",
    "histamine": "histamina",
    "antihypertensive": "anti-hipertensivo",
    "anti-inflammatory": "anti-inflamatorio",
    "anti-oncotic": "anti-oncótico",
    "antiseptic": "antiséptico",
    "antitussive": "antitusivo",
    "aspirin": "aspirina",
    "asthma pump": "inhalador, insuflador",
    "azithromycin": "acitromicina",
    "band-aid": "tirita, curita",
    "bandage": "venda, vendaje (n.); vendar (vb.)",
    "bathe": "lavar, bañar(se)",
    "bend over": "inclinarse, agacharse",
    "beta agonist": "agonista beta",
    "birth control pill": "píldora anticonceptiva, de control del embarazo",
    "blood thinner": "diluyente sanguíneo/ anticoagulante",
    "booster shot": "revacunación, inyección de refuerzo",
    "bronchodilator": "broncodilatador",
    "calcium": "calcio",
    "capsule": "cápsula",
    "cast": "yeso, escayola",
    "to put on a cast": "enyesar, escayolar",
    "cathartic": "catártico",
    "chamomile": "camomila, manzanilla",
    "cod liver oil": "aceite de hígado de bacalao",
    "compress (hot/cold)": "compresas (frías/calientes)",
    "condoms": "condones, preservativos",
    "contraceptive": "anticonceptivo, contraceptivo",
    "cough syrup": "jarabe para la tos",
    "counseling": "terapia (consejería)",
    "cream (medicinal)": "crema, pomada",
    "decongestant": "descongestivo",
    "dental floss": "hilo/seda dental, seda encerada/floja dental",
    "dentures": "dentadura postiza; caja",
    "depressant": "depresivo",
    "depressing": "deprimente / depresivo",
    "detergent": "detergente",
    "diet": "dieta",
    "disinfectant": "desinfectante",
    "diuretic": "diurético",
    "dosage": "dosis, dosificación, posología",
    "dose": "dosis",
    "drops": "gotas",
    "dropper": "cuentagotas",
    "drug": "droga, medicamento",
    "drugstore": "farmacia, botica, droguería",
    "emetic": "emético",
    "enema": "enema",
    "exercise": "ejercicio",
    "extract (herbal)": "extracto (herbal)",
    "expectorant": "expectorante",
    "exubera": "exubera",
    "eye drops": "gotas para los ojos",
    "eyeglasses": "gafas, lentes, espejuelos",
    "flu shot": "vacuna contra la gripe/a/ influenza",
    "fluoride": "fluoruro, flúor",
    "foam": "espuma",
    "folk healer": "sanador, curandero",
    "gardasil": "gardasil",
    "gargle": "hacer gárgaras",
    "gauze": "gasa",
    "glucose": "glucosa",
    "glyburide": "gliburida / hipoglucemiante oral",
    "glypizide (glucatrol)": "glipicida/ hipoglucemiante oral",
    "heal": "curar, sanar, cicatrizar, remediar",
    "hearing aid": "audifono // sonotone",
    "heat": "calor, calefacción",
    "herb": "hierba",
    "herbal treatment": "tratamiento herbal, omeopático",
    "hot pack": "almohodilla de calor, almohadilla eléctrica",
    "hot water bottle": "bolsa de agua caliente",
    "humidifier": "humidificador",
    "hydration": "hidratación",
    "hydrogen peroxide": "agua oxigenada, peróxido hidrogenado",
    "hypnotic/soporifics": "hipnóticos, soporíferos",
    "immunization": "inmunización",
    "immuno therapy": "inmuno-terapia",
    "inhaled corticosteroids": "corticoesteroides inhaladas",
    "inhaler": "inhalador",
    "injection": "inyección",
    "insecticide": "insecticida",
    "insertion": "inserción",
    "insulin": "insulina",
    "insulin injection": "inyección de insulina",
    "insulin pump": "bomba de insulina",
    "intravenous drip": "goteo intravenoso",
    "iodine": "yodo/iodo",
    "jam": "aprieto, apuro // compota, conserva",
    "jelly": "jalea",
    "laxative": "laxante",
    "long-term control medicines": "medicinas de control a largo plazo",
    "lose weight": "perder peso",
    "lotion": "loción",
    "lubricate": "lubricar",
    "lukewarm": "tibio, templado",
    "make-up": "maquillaje",
    "massage": "masaje",
    "measure": "medida",
    "to measure": "medir",
    "medication": "medicación",
    "medicine": "medicina",
    "medicine cabinet": "gabinete médico",
    "merthiolate": "merthiolate (marca registrada de un medicamento)",
    "nebulizer": "nebulizador",
    "nose drop": "gotas nasales, para la nariz",
    "nourish": "nutrir",
    "novocaine": "novocaína",
    "oil": "aceite",
    "ointment": "ungüento, pomada",
    "on an empty stomach": "con el estómago vacío",
    "oxygen": "oxígeno",
    "pacemaker": "marcapasos // nodo atrioventricular del corazón",
    "painkiller": "calmante",
    "peak": "pico",
    "pharmacist": "farmacéutico",
    "pharmacy": "farmacia",
    "pill": "píldora, pastilla",
    "half-pill": "media pastilla",
    "pulverized": "pulverizada",
    "quarter of a pill": "un cuarto de pastilla",
    "placebo": "placebo",
    "plastic": "plástico",
    "prescription": "prescripción",
    "protection": "protección",
    "pulp": "pulpa, pulpa dentaria, pulpeja",
    "quick-relief medicines": "medicinas de alivio rápido",
    "reading glasses": "gafas, lentes de lectura",
    "refill": "rellenar",
    "remedy": "remedio",
    "repellant": "repelente",
    "resistance": "resistencia",
    "rinse": "aclarar, enjuagar",
    "rub": "frotar (vb), frotación, roce (n)",
    "rubdown": "masaje, fricción",
    "salve": "preservar, aliviar (vb.) ungüento (n.)",
    "sample": "muestra, ejemplar",
    "second-line drugs (slds)": "drogas de segunda línea",
    "shaman": "chamán",
    "shave": "afeitar",
    "shots": "inyección",
    "skimmed milk": "leche desnatada, descremada, sin natilla",
    "sitz bath": "baño de asiento",
    "soak": "empapar, remojar (vb). mojada (adj)",
    "soap": "jabón",
    "spermicide": "espermicida",
    "splint": "astilla, tablilla",
    "to splint": "entablillar",
    "spoonful": "cucharada",
    "steroid": "esteroide",
    "stimulant": "estimulante",
    "stone": "piedra // cálculo",
    "suck": "chupar, mamar, aspirar",
    "surgery": "cirugía",
    "suppository": "supositorio",
    "tablespoon": "cuchara de sopa",
    "tablet": "pastilla, comprimido, tableta",
    "tb skin test": "prueba cutánea (de la piel) de la tuberculina",
    "teaspoon": "cucharilla, cucharadita",
    "tetanus shot": "inyección antitetánica, para el tétanos",
    "therapy": "terapia",
    "toothbrush": "cepillo de dientes",
    "toothpaste": "pasta de dientes, dentífrico",
    "tranquilizer": "tranquilizador",
    "tylenol": "tylenol",
    "ultraviolet (uv) treatment": "tratamiento ultravioleta (uv)",
    "vasodilator": "vasodilatador",
    "vinegar": "vinagre",
    "vitamin supplement": "suplemento vitamínico",
    "walking cane": "bastón",
    "yeast": "levadura // hongo",
    "acupuncture": "acupuntura",
    "herbal medicines": "medicinas herbales",
    "magnet therapy": "terapia magnética",
    "anesthesiologist": "anestesiólogo",
    "local anesthesia": "anestesia local",
    "pain management": "manejo del dolor",
    "spinal anesthesia": "anestesia espinal, epidural",
    "angina pectoris": "angina pectoris, angina de pecho, dolor de pecho",
    "angiogram": "angiograma",
    "arrhythmia": "arritmia",
    "arterial aneurism": "aneurismo arterial",
    "atherosclerosis": "aterosclerosis",
    "balloon": "globo, balón",
    "cardiac catherization": "caterización cardiaca",
    "cardiac arrest": "paro cardiaco",
    "cardiac scan": "escáner cardiaco",
    "cardiac surgeon": "cirujano cardiaco",
    "cardiopulmonary": "cardiopulmonar",
    "cardiologist": "cardiólogo",
    "cardioscope": "cardioscopio",
    "cardiovascular": "cardiovascular",
    "circulatory system": "sistema circulatorio",
    "congestive heart failure": "fallo congestivo cardiaco",
    "coronary angioplasty": "angioplastia coronaria",
    "coronary arteries": "arterias coronarias",
    "coronary bypass surgery": "cirugía para un desvío coronario, para un bypass coronario",
    "cpr": "rcp (reanimación cardio-pulmonar)",
    "cyanosis": "cianosis (color azulado)",
    "echocardiogram": "ecocardiograma/fía",
    "electrocardiogram (ekg)": "electrocardiograma/fía (ekg)",
    "encephalomyocarditis": "encéfalomiocarditis",
    "embolism": "embolismo",
    "exercise thallium test": "examen de ejercicio del talio, test del talio",
    "heart beat": "latido del corazón, pulsación cardiaca",
    "heart failure": "fallo cardiaco",
    "ischemia": "isquemia",
    "dl (low density lipoprotein)": "lipoproteína de baja densidad",
    "left ventricular hypertrophy": "hipertrofia ventricular izquierda",
    "myocarditis": "miocarditis",
    "open-heart surgery": "cirugía a corazón abierto",
    "rheumatic heart disease": "enfermedad reumática del corazón",
    "single ventricle": "ventrículo único",
    "steady pace": "ritmo estable",
    "stenosis": "estenósis",
    "stent": "estent // varilla",
    "stressors": "estresantes",
    "stress/exercise test": "examen para medir el ritmo cardiaco",
    "the heart beats": "los latidos del corazón",
    "ventricular septal defect": "defecto de tabique ventricular",
    "arch insert": "plantilla para el zapato",
    "arch support": "sostén del arco",
    "chiropractor": "quiropráctico",
    "allergist": "alergista",
    "biopsy (punch/shave)": "biopsia (por aguja, por cepillo)",
    "blemishes": "manchas, imperfecciones",
    "boil": "furúnculo",
    "callous": "calloso",
    "carbuncle": "canbunclo, ántrax",
    "corn": "callo",
    "culture a wound": "cultivo de una herida",
    "cysts": "quistes",
    "dandruff": "caspa",
    "dermatitis": "dermatitis",
    "dermatologist": "dermatólogo",
    "dermatology": "dermatología",
    "draining a cyst": "drenar un quiste",
    "dry skin": "piel seca",
    "dust mite": "ácaros del polvo",
    "eczema": "eccema",
    "fungal scraping": "examen fungal por raspado",
    "fungus of nails": "hongos de las uñas",
    "hypoallergenic": "hipoalergénico",
    "incision": "incisión",
    "lice": "piojos",
    "moisten": "humedecer, humedecerse",
    "moisturizing": "humidificante, hidratante",
    "mole": "lunar",
    "non-comedogenic": "no-comedogénico",
    "peeling": "pelándose",
    "pimples": "granos, barros",
    "psoriasis": "psoriasis",
    "rash; eruption": "salpullido, sarpullido, erupción",
    "scabies": "sarna",
    "scab": "costra",
    "scale": "escama",
    "scaling": "escamándose",
    "scaly": "escamoso",
    "skin cancer": "cáncer de piel",
    "skin complications": "complicaciones de la piel",
    "sunburned": "quemado por el sol",
    "sunscreen": "pantalla solar",
    "wart": "verruga",
    "acidosis": "acidosis",
    "alkalosis": "alcalosis",
    "anaphylactic shock": "shock anafiláctico (choque, choc)",
    "appendicitis": "apendicitis",
    "appendectomy": "apendectomía",
    "asphyxia": "asfixia",
    "asphyxiation": "asfixia",
    "bullet": "bala",
    "bullet wound": "herida de bala",
    "cardiopulmonary rescucitation/rescucitator": "resucitación cardiopulmonar",
    "concussion": "concusión",
    "contusion": "contusión",
    "detoxification": "desintoxicación",
    "drown": "ahogar(se); anegar(se)",
    "drunken": "borracho, ebrio, embriagado, bebido, tomado",
    "exposure": "exposición",
    "first/second/third degree burns": "quemaduras de primer/segundo y tercer grado",
    "hemorrhage": "hemorragia",
    "i stopped breathing": "dejé de respirar",
    "i stopped to breathe": "paré para respirar",
    "induce vomiting": "vómito inducido",
    "insulin reaction": "reacción a la insulina",
    "insulin shock": "shock insulínico (choque, choc)",
    "intensive care unit (icu)": "unidad de cuidados intensivos (uci)",
    "intoxicated (see food poisoning)": "borracho o drogado",
    "isolate": "aislar",
    "lacerate": "lacerar",
    "laceration": "laceración",
    "maceration": "maceración",
    "overdose": "sobredosis",
    "poison": "veneno",
    "to poison": "envenenar",
    "poisoning": "venenoso",
    "quarantine": "cuarentena",
    "rape": "violar",
    "raped": "violado/a",
    "sepsis": "sepsis",
    "spinal tap": "drenaje espinal",
    "stitches": "puntadas, puntos, suturas",
    "tear (muscle, tendon, ligament)": "desgarro (músculo, tendon, ligamento)",
    "toxic": "tóxico",
    "toxicity": "toxicidad",
    "toxins": "toxinas",
    "trauma": "trauma",
    "triage": "escoger priorizando a los más graves // triage",
    "wounds": "heridas",
    "endocrinologist": "endocrinólogo",
    "glucagon": "glucagón",
    "gluconeogenesis": "gluconeogénesis",
    "hormone": "hormona",
    "hormone therapy": "terapia hormonal",
    "reproductive endocrinologist/fertility specialist": "endocrinólogo reproductor/especialista en fertilidad",
    "steroids": "esteroides",
    "synthetic thyroid hormone (levothyroxine)": "hormona tiroidea sintética (levotiroxina)",
    "testosterone": "testosterona",
    "loss of testosterone": "pérdida de testosterona",
    "thyroid stimulating hormone": "hormona estimulante de la tiroides",
    "adenopathy": "adenopatía",
    "astigmatism": "astigmatismo",
    "audiologist": "audiologista // audiólogo",
    "balance": "balance",
    "barium swallow": "dosis de bario que se traga",
    "dysplasia": "displasia",
    "hard of hearing": "sordo",
    "otalgia": "otalgia",
    "otolaryngologist": "otorrinolaringólogo",
    "otolaryngology": "otorrinolaringología",
    "postnasal drip": "goteo post-nasal",
    "ringing in the ear": "zumbido en los oídos",
    "sense of hearing": "sentido del oído",
    "sense of smell": "sentido del olfato",
    "sleep study": "estudio del sueño",
    "throat clearing": "aclararse la garganta",
    "tinnitus": "tinitus",
    "vertigo": "vértigo",
    "voice evaluation": "evaluación de la voz",
    "aids (acquired immunodeficiency syndrome)": "sida (síndrome de la inmunodeficiencia adquirida)",
    "alcohol use counseling": "asesoramiento sobre el consumo del alcohol",
    "blood pressure": "presión sanguínea",
    "body mass index (bmi)": "índice de masa corporal",
    "cholesterol": "colesterol",
    "cirrhosis": "cirrosis",
    "domestic abuse": "abuso doméstico",
    "dentist": "dentista",
    "family practice physician": "médico de práctica familiar",
    "family background/history": "antecedentes familiares, historia de la familia",
    "general practitioner": "practicante general",
    "glucose levels": "niveles de glucosa",
    "hiv (human immunodeficiency virus)": "vih (virus de inmunodeficiencia humana)",
    "immune system": "sistema inmune",
    "immunologist": "inmunólogo",
    "incubation period": "período de incubación",
    "infectious disease": "enfermedad infecciosa",
    "infectious disease specialist": "especialista en enfermedades infecciosas",
    "internist": "internista",
    "medical study": "estudio médico",
    "neonatologist": "neonatólogo",
    "nicotine": "nicotina",
    "opportunistic infection": "infección oportunista",
    "orthodontics": "ortodoncia",
    "physical exam": "examen físico",
    "preventive care": "cuidados preventivos",
    "primary care provider": "profesional de la salud principal",
    "primary physician": "médico principal, de cabecera",
    "quitting smoking": "dejar de fumar",
    "risk behavior": "conductas de riesgo",
    "risk factors": "factores de riesgo",
    "safe sex": "sexo seguro",
    "sense of sight": "sentido de la vista",
    "sense of taste": "sentido del gusto",
    "sense of touch": "sentido del tacto",
    "smoking cessation": "dejar de fumar",
    "stress": "estrés",
    "the senses": "los sentidos",
    "unsafe": "inseguro, peligroso",
    "vaccines": "vacunas",
    "whiskey": "whisky",
    "you are at risk for hiv": "tienes riesgo de contraer el vih",
    "cholecystitis": "colecistitis",
    "colon polyps": "pólipos en el colon",
    "colonoscopy": "colonoscopia",
    "colostomy": "colostomía",
    "digestive system": "sistema digestivo",
    "diverticulosis": "diverticulosis",
    "esophagitis": "esofagitis",
    "gallstones": "cálculos biliares",
    "gastritis": "gastritis",
    "gastroenterologist": "gastroenterólogo",
    "gastroenterology": "gastroenterología",
    "gastroparesis": "gastroparesis",
    "hardening of the stomach": "endurecimiento del estómago",
    "hiatal hernia": "hernia de hiato",
    "irritable bowel syndrome": "síndrome del colon irritable",
    "polyp": "pólipo",
    "reflux": "reflujo",
    "ringworm": "tiña",
    "sigmoidoscopy": "sigmoidoscopia",
    "stool": "materia fecal, excremento",
    "ulcer": "úlcera",
    "anesthesia": "anestesia",
    "bone graft": "injerto de hueso",
    "cryosurgery": "criocirugía",
    "cryotherapy": "crioterapia",
    "donor": "donante",
    "organ match": "órgano compatible",
    "organ rejection": "rechazo de un órgano",
    "organ transplant": "transplante de órgano",
    "post-operative recovery": "recuperación post-quirúrgica",
    "pre-operative assessment": "evaluación pre-quirúrgica",
    "pre-operative preparation": "preparación pre-quirúrgica",
    "recipient": "recipiente",
    "scar": "cicatriz",
    "scrub (surgically)": "lavarse frotándose antes de la cirugía",
    "skin graft": "injerto de piel",
    "surgeon": "cirujano",
    "transplant": "transplante",
    "abnormal finding": "descubrimiento anormal",
    "abortion": "aborto",
    "adenine": "adenina",
    "alpha thalassemia": "alfa talasemia",
    "amino acid": "aminoácido",
    "amniocentesis": "amniocentesis",
    "autosomal": "autosómico",
    "autosomal chromosome": "cromosoma autosómico",
    "baby’s father’s father’s medical history": "historial médico del padre del padre del bebé",
    "baby’s father’s medical history": "historial médico del padre del bebé",
    "baby’s father’s mother’s medical history": "historial médico de la madre del padre del bebé",
    "baby’s father’s siblings’ children’s medical history": "historial médico de los hijos de los hermanos del padre del bebé",
    "baby’s father’s siblings’ medical history": "historial médico de los hermanos del padre del bebé",
    "baby’s mother’s father’s medical history": "historial médico del padre de la madre del bebé",
    "baby’s mother’s medical history": "historial médico de la madre del bebé",
    "baby’s mother’s mother’s medical history": "historial médico de la madre de la madre del bebé",
    "baby’s mother’s siblings’ children’s medical history": "historial médico de los hijos de los hermanos de la madre del bebé",
    "baby’s mother’s siblings’ medical history": "historial médico de los hermanos de la madre del bebé",
    "bacteria, microbes, germs": "bacterias; microbios; gérmenes",
    "barr body": "cuerpo de barr",
    "base": "base",
    "beta thalassemia": "beta talasemia bet",
    "birth defects": "defectos de nacimiento, defectos congénitos",
    "blood relatives": "parientes de sangre, parientes consanguíneos",
    "bloom syndrome": "síndrome de bloom",
    "carrier": "portador, mensajero",
    "carrier screening status": "estado de detección del portador",
    "caucasian": "caucásico",
    "cells": "células",
    "chromosome analysis": "análisis cromosómico",
    "chromosomes": "cromosomas",
    "co-dominance": "co-dominancia",
    "co-dominant inheritance": "herencia co-dominante",
    "consanguinity": "consanguineidad",
    "cytoplasm": "citoplasma",
    "cytosine": "citosina",
    "defects": "defectos",
    "deformities": "deformidades",
    "deoxyribonucleic acid (dna)": "ácido desoxiribonucleico (adn)",
    "detection": "detección",
    "disjunction": "disyunción",
    "distant relatives": "parientes lejanos",
    "dominant": "dominante",
    "double helix": "doble hélice",
    "down syndrome": "síndrome de down",
    "eletrophoresis": "electroforesis",
    "encoded": "codificado",
    "endonuclease": "endonucleasa",
    "enzyme": "enzima",
    "ethnic background": "antecedentes étnicos, grupo étnico",
    "ethnicity": "etnicidad",
    "familial chromosome abnormality": "anormalidad cromosómica familiar",
    "fanconi’s anemia": "anemia de franconi",
    "fatty acids": "ácidos grasos",
    "fertilized": "fertilizado",
    "filament": "filamento",
    "fragile x syndrome": "síndrome del x frágil",
    "fragments": "fragmentos",
    "fraternal twins": "mellizos",
    "gaucher’s disease": "enfermedad de gaucher",
    "genes": "genes",
    "genetic counselor": "consejero genético",
    "genetic tendency": "tendencia genética",
    "genetic testing": "examen genético, prueba genética",
    "geneticist": "geneticista",
    "genetics": "genética",
    "genetics counseling": "consejo genético",
    "genotype": "genotipo",
    "genus": "género",
    "gestation": "gestación",
    "guanine": "guanina",
    "helix": "hélice",
    "hemoglobin": "hemoglobina",
    "hemoglobin h disease": "enfermedad de la hemoglobina h",
    "hemoglobinopathy": "hemoglobinopatía",
    "hemophilia": "hemofilia",
    "hereditary": "hereditario",
    "human genome project": "proyecto del genoma humano",
    "huntington's syndrome": "síndrome de huntington (corea de huntington)",
    "identical twins": "gemelos idénticos, mellizos idénticos",
    "inheritance": "herencia",
    "inherited disorder": "trastorno heredado",
    "living children": "niños vivos",
    "locus": "lugar, sitio",
    "mapping": "mapeo",
    "marfan's syndrome": "síndrome de marfan",
    "maternal": "materno",
    "meiosis": "meiosis",
    "mitochondria": "mitocondria",
    "molecule": "molécula",
    "mongoloid": "mongol",
    "multiple gestation": "gestación múltiple",
    "mutation": "mutación",
    "negroid": "negroide",
    "neonatal death": "muerte neonatal",
    "nephritis": "nefritis",
    "neural tube defects": "defecto del tubo neural",
    "non-disjunction": "no-disyunción",
    "nucleus": "núcleo",
    "oncogene": "oncogen",
    "past pregnancies": "embarazos anteriores",
    "paternal": "paterno",
    "paternity test": "examen de paternidad",
    "phenotype": "fenotipo",
    "pigment": "pigmento",
    "polymerase": "polímeros",
    "pregnancy outcome": "resultados del embarazo",
    "premature birth": "parto prematuro",
    "prenatal testing": "examen prenatal",
    "present health status": "estado de salud actual",
    "probe": "probeta",
    "radioactive atom": "átomo radioactivo",
    "rare disease": "enfermedad rara, extraña",
    "recessive genes": "gen(e) recesivo",
    "recurrence": "recurrencia",
    "red blood cells": "glóbulos rojos, hematíes",
    "red-green color blindness": "daltonismo rojo-verde",
    "ribonucleic acid (rna)": "ácido ribonucleico (arn)",
    "ribosomes": "ribosomas",
    "rickets": "raquitismo",
    "risk of chromosome analysis": "riesgo por el análisis cromosómico",
    "risk of miscarriage": "riesgo de aborto involuntario",
    "sex chromosomes": "cromosomas sexuales",
    "sickle-cell anemia": "anemia de glóbulos falciformes",
    "single gestation": "gestación única",
    "southern blot test": "test de southern blot",
    "sweat test": "prueba de sudor",
    "tay sachs disease": "enfermedad de tay sachs",
    "template": "molde, patrón, plantilla",
    "thalassemia": "talasemia",
    "thymine": "timina",
    "to clone": "clonar",
    "to splice": "unir, juntar",
    "trait": "rasgo, característica",
    "trisomy": "trisomía",
    "turner’s syndrome": "síndrome de turner",
    "uracil": "uracilo",
    "white blood cells": "glóbulos blancos, leucocitos",
    "geriatrician": "geriatra",
    "a hit of acid": "tomarse o meterse un ácido",
    "abrasions": "abrasiones",
    "abused": "abusado/a",
    "abuser": "abusador",
    "abusing (relationship)": "(relación) abusiva",
    "abusive": "abusivo",
    "acid": "ácido",
    "active": "activo",
    "activity level": "nivel de actividad",
    "acute": "agudo, grave",
    "aggressive": "agresivo",
    "aggressiveness": "agresividad",
    "aggressor": "agresor",
    "agitated": "agitado/a",
    "agitation": "agitación",
    "psychomotor agitation": "agitación psicomotriz",
    "agoraphobia": "agorafobia",
    "alcohol": "alcohol",
    "anger": "rabia",
    "anorexia": "anorexia",
    "anorexia nervosa": "anorexia nerviosa",
    "anorexic": "anoréxico/a",
    "anxiety disorder": "trastorno de ansiedad",
    "anxious": "ansioso/a",
    "apathetic": "apático",
    "apathy": "apatía",
    "aphasia": "afasia",
    "aptitude": "aptitud",
    "attention deficit disorder": "trastorno de déficit de atención",
    "attention deficit hyperactivity disorder": "trastorno de déficit de atención e hiperactividad",
    "attitude": "actitud",
    "behavior": "comportamiento",
    "behavioral health": "salud comportamental",
    "bulimia nervosa": "bulimia nerviosa",
    "biological factors": "factores biológicos",
    "bipolar disorder": "trastorno bipolar",
    "blackout (drug/alcohol related)": "laguna mental, desmayo",
    "body language": "lenguaje corporal",
    "borderline": "limítrofe, incierto, en el límite, borderline",
    "borderline personality disorder": "trastorno límite de la personalidad",
    "brooding": "cavilación",
    "bulimia": "bulimia",
    "bulimic": "bulímico/a",
    "caretaker": "cuidador",
    "chronic": "crónico",
    "claustrophobia": "claustrofobia",
    "claustrophobic": "claustrofóbico/a",
    "cocaine": "cocaína",
    "cognition": "cognición",
    "cognitive factors": "factores cognitivos",
    "coke": "coca, farla, farlopa, perico, fua, nieve, merca",
    "concentration": "concentración",
    "concrete": "concreto/a",
    "conscience": "conciencia",
    "conscious": "conciente",
    "consciousness": "conciencia",
    "constricted": "constricto/a",
    "contact person": "persona de contacto",
    "cooperative": "cooperativa/o",
    "counselor": "consejero",
    "crack cocaine": "crack, cocaína en base, basuco",
    "crazy": "loco",
    "to go crazy": "volverse loco",
    "crime": "crimen",
    "cultural beliefs": "creencias culturales",
    "cultural shock": "choque cultural",
    "defensive": "defensivo/a",
    "delirious": "delirante",
    "delusions": "delirios",
    "delusions of grandeur": "delirios de grandeza",
    "delusions of persecution": "delirios de persecución",
    "demented": "demente",
    "dementia": "demencia",
    "depressed": "deprimido/a",
    "depression": "depresión",
    "clinical depression": "depresión clínica",
    "depressive": "depresivo",
    "developmental factors": "factores del desarrollo",
    "difficulty articulating": "dificultad articulatoria, para articular",
    "dignity": "dignidad",
    "dissociation": "disociación",
    "dissociative identity disorder": "trastorno disociativo de la identidad",
    "distracted": "distraído/a",
    "distractibility": "distractibilidad",
    "distress": "angustia, aflicción",
    "distressed": "ditresado, angustiado",
    "distressing": "distresante, angustiante",
    "drug abuse": "abuso de drogas",
    "drug overdose": "sobredosis por drogas",
    "dysthymia": "distimia",
    "eating patterns": "patrones de alimentación",
    "educational problems": "problemas educativos",
    "emotional": "emocional",
    "environmental factors": "factores ambientales",
    "episodes": "episodios",
    "episodically": "episódicamente, en episodios",
    "euphoria": "euforia",
    "euphoric": "eufórico",
    "euthymia": "eutimia",
    "evasive": "evasivo",
    "excessive guilt": "culpa excesiva",
    "feeling of depression": "sentimiento de depresión",
    "feeling of helplessness": "sentimiento de impotencia, de desamparo",
    "feeling of hopelessness": "sentimiento de desesperanza",
    "feeling of tiredness": "sensación de cansancio/fatiga",
    "feeling worthlessness": "sentimiento de inutilidad",
    "feelings": "sentimientos, sensaciones",
    "general slowing down": "sentimientos, sensaciones de decaimiento general",
    "genetic inheritance": "herencia genética",
    "gesticulation": "gesticulación",
    "gestures": "gestos",
    "gluttonous": "glotón",
    "group therapy": "terapia grupal, de grupo",
    "guarded": "a la defensiva",
    "guardian": "guardián, tutor",
    "hallucinations": "alucinaciones",
    "hangover": "resaca, guayabo, cruda, ratón, borrachera",
    "hearing voices": "escuchar u oir voces",
    "heroine": "heroína, caballo, jaco",
    "hobbies": "hobbies, entretenimientos, pasatiempos, aficiones",
    "homicidal": "homicida",
    "homicidal attempt": "intento de homicidio",
    "homicidal ideation": "ideación homicida",
    "homicidal thoughts": "pensamientos homicidas",
    "homicide": "homicidio",
    "hostile": "hostil",
    "housing problem": "problema de vivienda",
    "human services agencies": "agencies de servicios humanos",
    "hyperactive": "hiperactivo/a",
    "hyperactivity disorder": "trastorno de hiperactividad",
    "hypochondria": "hipocondria",
    "hypochondriac": "hipocondriaco",
    "hypomania": "hipomania",
    "i.v. (intravenous) drugs": "drogas intravenosas, por vía parenteral",
    "illogical": "ilógico",
    "illusions": "ilusiones",
    "immigration issues": "asuntos de inmigración, inmigratorios",
    "immigration status": "estado de inmigración",
    "impulsive": "impulsivo",
    "inability to concentrate": "incapacidad para concentrarse",
    "incident of abuse": "incidente de abuso",
    "incongruity": "incongruencia",
    "increased appetite": "apetito aumentado, aumento del apetito",
    "increased emotionality": "emocionalidad aumentada",
    "indecisiveness": "indecisión",
    "induces behavior": "induce un/a comportamiento/conducta",
    "ingratiating": "congraciador",
    "insane": "loco, demente",
    "insanity": "locura, demencia",
    "irrelevant": "irrelevante",
    "irritability": "irritabilidad",
    "irritable": "irritable",
    "labile": "lábil",
    "lacerations": "laceraciones",
    "learned behavior": "conducta aprendida",
    "leisure time": "tiempo libre",
    "lethargy": "letargia",
    "listless": "lánguido",
    "loss of energy": "pérdida de energía",
    "loss of functioning": "pérdida de funcionalidad",
    "loss of interest": "pérdida de interés",
    "lsd": "lsd (ácido lisérgico dietilamida)",
    "major depression": "depresión mayor",
    "mania": "manía",
    "maniac": "maniático",
    "manic": "maniaco",
    "manifestations": "manifestaciones",
    "marihuana": "marihuana, maría, hierba",
    "marital status": "estado civil, marital",
    "memory loss": "pérdida de memoria",
    "mental health": "salud mental",
    "mental illness": "enfermedad mental",
    "mental retardation": "retardo o retraso mental",
    "mental suicide": "suicidio mental",
    "mentally abused": "abusado // maltratado psicológicamente, mentalmente",
    "mentally ill": "enfermo mental",
    "mentally retarded": "retrasado mental",
    "mood": "humor",
    "multiple personality disorder": "trastorno de personalidad multiple, trastorno de identidad disociativo",
    "mushrooms": "hongos (alucinógenos), champiñones",
    "mute": "mudo",
    "neurosis": "neurosis",
    "neurotic": "neurótico",
    "obsessive-compulsive": "obsesivo-compulsivo",
    "obsessive-compulsive disorder (ocd)": "trastorno obsesivo-compulsivo (toc)",
    "occupational problems": "problemas ocupacionales",
    "oppositional defiant disorder": "trastorno de desafío y oposición",
    "optimism": "optimismo",
    "optimistic": "optimista",
    "panic attack": "ataque de pánico, de angustia",
    "panic disorder": "trastorno de pánico",
    "paranoia": "paranoia",
    "paranoid": "paranoico",
    "partner": "pareja, compañero/a",
    "peace of mind": "paz mental",
    "perception": "percepción",
    "perpetrator of abuse": "perpetrador/autor de abusos/maltratos",
    "persecution": "persecución",
    "personality disorders": "trastornos de personalidad",
    "pessimism": "pesimismo",
    "pessimistic": "pesimista",
    "phobia": "fobia",
    "phobia to commitment": "fobia al compromiso",
    "physically abused": "abusado/maltratado físicamente",
    "poor appetite": "poco apetito, apetito pobre // malo",
    "poor self-esteem": "baja autoestima",
    "post traumatic stress disorder(ptsd)": "trastorno de estrés postraumático (tep)",
    "pot": "maría, hierba, marihuana",
    "psychiatric": "psiquiátrico",
    "psychiatric problem": "problema psiquiátrico",
    "psychiatrist": "psiquiatra",
    "psychoactive drug": "droga psicoactiva",
    "psychological problems": "problemas psicológicos",
    "psychologist": "psicólogo/a",
    "psychology": "psicología",
    "psychopathy": "psicopatía",
    "psychosis": "psicosis",
    "psychosocial problems": "problemas psicosociales",
    "psychosomatic": "psicosomático",
    "psychotherapy": "psicoterapia",
    "psychotic episode": "episodio psicótico",
    "reasonable": "razonable",
    "refugee": "refugiado/a",
    "relationship to patient": "relación con el paciente",
    "religious beliefs": "creencias religiosas",
    "restlessness": "desasosiego",
    "rigid": "rígido/a",
    "rigidity": "rigidez",
    "sad mood": "estado de humor triste",
    "schizophrenia": "esquizofrenia",
    "schizophrenic": "esquizofrénico",
    "seductive": "seductor/a",
    "self-reproach": "autorreproche",
    "self-absorbed": "absorto/a",
    "self-conscious": "cohibido, tímido",
    "self-esteem": "autoestima",
    "sexually abused": "abusado/a sexualmente",
    "sleep patterns": "patrones del sueño",
    "social factors": "factores sociales",
    "social withdrawal": "retraimiento social, abandono social",
    "social work": "trabajo social",
    "strengths": "virtudes, fuerzas, fortalezas",
    "stresses": "estresa",
    "stressful": "estresante",
    "stressing": "estresante",
    "subconscious": "subconsciente",
    "substance abuse": "abuso de sustancias",
    "suicidal": "suicida",
    "suicidal attempt": "intento suicida",
    "suicidal ideation": "ideación suicida",
    "suicidal plan": "plan suicida",
    "suicidal thoughts": "pensamientos suicidas",
    "suicide": "suicidio",
    "supernatural": "sobrenatural",
    "tearfulness": "lacrimosidad",
    "therapist": "terapeuta",
    "thought of harming others": "pensar en hacer daño a otros",
    "thoughts of harming oneself": "pensar en hacerse daño a uno mismo",
    "tiredness": "cansancio",
    "to be alert": "estar alerta",
    "to be hyperalert": "estar hiper-alerta",
    "to be intoxicated": "estar embriagado // drogrado",
    "to be lethargic": "estar letárgico",
    "to blackout": "desmayarse // enlagunarse",
    "to commit a crime": "cometer un crimen",
    "to commit suicide": "cometer suicidio",
    "to kill oneself": "matarse, suicidarse",
    "to molest (sexually)": "abusar sexualmente, tocar inapropiadamente",
    "to seek counseling": "buscar ayuda, consejo, counseling, asesoramiento",
    "torture": "tortura",
    "tremors": "temblores",
    "trouble sleeping": "dificultad de dormir",
    "twitches": "sacudida, contorsión",
    "unconscious": "inconsciente",
    "victim of abuse": "víctima de abuso",
    "weak; languid; run-down": "débil, lánguido",
    "weaknesses": "debilidad",
    "weight gain": "aumento de peso",
    "weight loss": "pérdida de peso, bajar de peso",
    "withdrawn": "aislado, apartado, retirado, retraído, abandonado",
    "creatinine measurement": "medida de la creatina",
    "descended bladder": "ptosis, caída o prolapso de la vejiga",
    "dialysis": "diálisis",
    "glomerulitis": "glomérulitis",
    "hematuria (blood in urine)": "hematuria (sangre en la orina)",
    "kidney stone": "cálculo/piedra en el riñón",
    "nephrologist": "nefrólogo",
    "renal disease": "enfermedad renal",
    "blackouts": "lagunas mentales // desmayos",
    "carpal tunnel syndrome": "síndrome del túnel carpiano",
    "cerebrovascular": "cerebrovascular",
    "craniotomy": "craneotomía",
    "electric stimulation": "estimulación eléctrica",
    "(tens) transcutaneous electric nerve stimulation": "estimulación nerviosa eléctrica transcutánea",
    "electromyelogram (emg)": "electromielograma (emg)",
    "herniated disk": "disco herniado",
    "meningitis": "meningitis",
    "muscle hypotrophy": "hipotrofia muscular",
    "neurologist": "neurólogo",
    "neurology": "neurología",
    "reflexes": "reflejos",
    "seizures": "convulsiones",
    "tingling sensation": "sensación de hormigueo",
    "what do you sense?": "¿ qué percibe? ¿qué siente?",
    "carbohydrates": "carbohidratos, hidratos de carbono",
    "carbon dioxide": "dióxido de carbono",
    "dietetic": "dietética",
    "dietitian": "dietólogo, dietista",
    "fats": "grasas",
    "nourishment": "nutrición",
    "nutritionist": "nutricionista, nutrólogo",
    "potassium": "potasio",
    "sodium": "sodio",
    "to fast": "ayunar",
    "to nurture": "educar, formar, criar",
    "vitamins": "vitaminas",
    "vitamin deficiency": "deficiencia vitamínica",
    "spontaneous/accidental": "espontáneo // accidental",
    "induced": "inducido",
    "afterbirth (plancenta)": "placenta",
    "amenorrhea": "amenorrea",
    "amniotic fluid": "fluido amniótico",
    "artificial insemination": "inseminación artificial",
    "baby": "bebé",
    "baby bottle": "biberón",
    "baby formula": "leche para bebés",
    "birth control": "control de natalidad",
    "bottle feed": "alimentar por biberón",
    "bottle nipple": "tetilla de biberón",
    "breast-feed": "amamantar",
    "cesarean section": "operación cesárea",
    "childbirth": "nacimiento de un niño/a",
    "chloasma": "cloasma",
    "clinical breast exam": "examen clínico del seno",
    "coitus (pre-coitus, post-coitus)": "coito (pre-coito, post-coito)",
    "colposcopy": "colposcopía",
    "conceive": "concebir",
    "congenital conditions": "enfermedades congénitas",
    "cleft lip": "labio leporino",
    "cleft palate": "paladar hendido",
    "failure to thrive": "fallo para crecer/prosperar",
    "fused spinal column": "fusión de la columna espinal",
    "missing vertebrae": "vertebra ausente",
    "spina bifida": "espina bífida",
    "split lip": "labio cortado, labio leporino",
    "contraception": "anticoncepción, contracepción",
    "contraction": "contracción",
    "crown": "corona",
    "diapers": "pañales",
    "cloth": "trapo, tela",
    "disposable": "descartable, desechable, de usar y tirar",
    "deliver": "parir, dar a luz",
    "delivery": "parto",
    "delivery room": "sala de partos",
    "douche": "lavado vaginal",
    "dysmenorrhea": "dismenorrea",
    "dyspareuria": "dispareunia",
    "ectopic pregnancy": "embarazo ectópico",
    "embryo": "embrión",
    "endometriosis": "endometriosis",
    "episiotomy": "episiotomía",
    "epidural": "epidural",
    "estrogen": "estrógeno",
    "extirpation of the uterus": "extirpación del útero",
    "fallopian tubes": "trompas de falopio",
    "family planning": "planificación familiar",
    "fertile": "fértil",
    "fertility": "fertilidad",
    "loss of fertility": "pérdida de fertilidad",
    "fertilization": "fertilización",
    "fetal heart tone": "latido del corazón fetal",
    "fetal surgery": "cirugía fetal",
    "fetoscopy": "fetoscopia",
    "fetus": "feto",
    "fibroid": "fibroide",
    "fibroid tumor": "tumor fibroide",
    "forceps": "forceps",
    "full term": "término/tiempo completo",
    "gynecologist": "ginecólogo/a",
    "hot flashes": "rubores, calores, fogaje, bochornos",
    "hysterectomy": "histerectomía",
    "implantation": "implantación",
    "incubator": "incubadora",
    "induced labor": "parto inducido",
    "infant": "infante, niño/a",
    "infant formula": "leche formulada para bebé",
    "infantile paralysis": "parálisis infantil",
    "infertility": "infertilidad",
    "inverted nipple": "pezón invertido",
    "intrauterine device (iud)": "dispositivo intrauterino (diu)",
    "labor": "parto",
    "labor pains": "dolores de parto",
    "lactation": "lactancia",
    "laparoscopy": "laparoscopia",
    "leukorrhea": "leucorrea",
    "mammogram": "mamografía",
    "maternity": "maternidad",
    "maternity ward": "sala de maternidad",
    "menarche": "menarca. menarquia",
    "menopause": "menopausia",
    "menorrhagia": "menorragia",
    "menses": "menstruación",
    "menstrual cycle": "ciclo menstrual",
    "menstruation (period)": "menstruación, regla, periodo",
    "miscarriage": "aborto involuntario",
    "multiple pregnancy": "embarazo múltiple",
    "natural family planning (rhythm method)": "planificación familiar natural, método de ritmo",
    "natural vaginal birth": "parto natural (vaginal)",
    "navel chord": "cordón umbilical",
    "neonatal": "neonatal",
    "newlywed": "recién casados",
    "normal delivery": "parto normal, sin problemas",
    "nuliparous": "nulípara",
    "obstetrician": "obstetra",
    "ovarian cyst": "quiste ovárico",
    "ovulation": "ovulación",
    "pap smear": "papanicolau; citología (con tinción de papanicolau)",
    "pelvic exam": "examen pélvico",
    "pelvic ultrasound": "ultrasonido pélvico",
    "pelvic inflammatory disease (pid)": "enfermedad inflamatoria de la pelvis",
    "placenta": "placenta",
    "post partum": "post-parto",
    "pre-eclampsia": "preeclampsia",
    "pregnancy": "embarazo",
    "pregnancy test": "test del embarazo",
    "pregnant": "embarazada; preñada",
    "prenatal": "prenatal",
    "prenatal care": "cuidados prenatales",
    "premature": "prematuro/a",
    "progesterone": "progesterona",
    "prolapse": "prolapso",
    "push": "empujar, pujar",
    "quadruplet": "cuatrillizo",
    "rh factor": "factor rh",
    "sanitary pads": "toallas/compresas higiénicas",
    "screen for breast cancer": "examinar en busca de cáncer del seno/ mama; detección de cáncer de mama",
    "speculum": "espéculo",
    "still birth": "parto de un feto muerto",
    "tampon": "tampón",
    "test tube baby": "bebé probeta",
    "tie the tubes": "ligar las trompas (atar los tubos)",
    "toxic shock syndrome": "síndrome del shock tóxico",
    "triplets": "trillizos",
    "tubal ligation": "ligadura de trompas",
    "twins": "gemelos, mellizos",
    "ultrasound": "ecocardiografía, ecografía, ultrasonido",
    "umbilical chord": "cordón umbilical",
    "urinary tract infection (uti)": "infección del tracto urinario",
    "vaginal bleeding": "sangrado vaginal",
    "vaginal discharge": "descarga vaginal / flujo",
    "vaginitis": "vaginitis",
    "wean": "destetar",
    "yeast infection": "levadura / hongos",
    "adjuvant therapy": "terapia adyuvante",
    "alternative therapy": "terapia alternativa",
    "axillary lymph nodes": "nódulos linfáticos axilares",
    "benign": "benigno",
    "biopsy": "biopsia",
    "brca1 and brca2 (breast cancer genes)": "brca1 y brca2 (genes del cáncer de mama)",
    "breast conservation surgery (lumpectomy)": "cirugía conservadorea del seno (lumpectomía)",
    "breast mass": "masa en el seno // mamaria",
    "carcinoma": "carcinoma",
    "carcinoma in situ": "carcinoma in situ",
    "chemotherapy": "quimioterapia",
    "fibroblastic breast changes": "cambios fibroblásticos del seno",
    "hormone (endocrine) therapy": "terapia hormonal (endocrinológica)",
    "invasive cancer": "cáncer invasivo, invasor",
    "malignant": "maligno",
    "margins of resection": "márgenes de resección",
    "mastectomy": "mastectomía",
    "modified radical mastectomy": "mastectomía radical modificada",
    "radical mastectomy": "mastectomía radical",
    "simple (total) mastectomy": "mastectomía simple (total)",
    "metastasis": "metástasis",
    "bone metastasis": "metástasis ósea, del hueso",
    "distant metastasis": "metástasis distante",
    "local metastasis": "metástasis local",
    "lymph node metastasis": "metástasis a los nódulos linfáticos",
    "metastasize": "hacer metástasis // metastatizar",
    "neoadjuvant therapy": "terapia neoadyuvante",
    "neoplasia": "neoplasia",
    "oncologist": "oncólogo/a",
    "prosthesis": "prótesis",
    "radiation therapy": "terapia por radiación",
    "reconstructive surgery": "cirugía reconstructiva",
    "relapse": "recaída, relapso",
    "sarcoma": "sarcoma",
    "surgical therapy": "terapia quirúrgica",
    "tumor": "tumor",
    "acuity test": "prueba de agudeza, precisión",
    "cataract": "catarata",
    "contact lens": "lentes de contacto",
    "corneal transplant": "transplante de córnea",
    "cross-eyed": "bizco",
    "diabetic retinopathy/diabetic blindness": "retinopatía diabética/ceguera por diabetes",
    "electroretinography (erg)": "electroretinografía",
    "eye doctor": "oculista; médico de los ojos",
    "eye exam": "examen ocular",
    "eyestrain": "tensión ocular",
    "farsighted": "ve bien de lejos",
    "farsightedness": "que ve bien de lejos",
    "floaters (black spots in front of eye)": "flotadores, manchas visuales",
    "foggy vision": "visión nublada / empañada",
    "glaucoma": "glaucoma",
    "macular degeneration": "degeneración macular",
    "near sighted": "ve bien de cerca (miope)",
    "nearsightedness": "que ve bien de cerca (miopía)",
    "oculist": "oculista",
    "ophthalmologist": "oftalmólogo",
    "ophthalmoscopy": "oftalmoscopia",
    "optometrist": "optometrista",
    "presbyopia": "presbiopsia / presbicia",
    "retinal detachment": "desprendimiento de la retina",
    "retinopathy": "retinopatía",
    "slit lamp exam": "examen con lámpara de hendidura",
    "tunnel vision": "visión en túnel",
    "visual acuity test": "prueba de agudeza visual",
    "visual fields": "campos visuales",
    "bunions": "juanetes",
    "bursitis": "bursitis",
    "range of motion exercises": "rango de moción de ejercicios",
    "strengthening exercises": "ejercicios para fortalecerse",
    "orthopedist": "ortopedista",
    "podiatrist": "podólogo, podiatra",
    "podiatry": "podología, podiatría",
    "prosthetics": "protésico",
    "side stitch": "dolor lateral, bazo",
    "spurs": "espolón, espuelas",
    "strains": "tensiones, torceduras",
    "to stitch": "poner puntos, dar puntadas, coser",
    "chickenpox": "varicela",
    "colic": "cólico",
    "crawl": "arrastre, gateado",
    "to crawl": "gatear, arrastrarse",
    "croup": "anca, grupa",
    "dpt (diphtheria and tetanus toxoids and pertussis vaccine)": "dpt difteria- pertussis-tetanos (vacuna)",
    "eggs of a louse": "liendres",
    "epiglottitis": "epiglotitis",
    "german measles": "rubeóla",
    "hemangioma": "hemangioma",
    "hyperactivity": "hiperactividad",
    "immunized": "inmunizado/a",
    "louse/lice": "piojo/piojos",
    "measles": "sarampión",
    "mumps": "paperas",
    "otitis media": "otitis media",
    "pediatrician": "pediatra",
    "pertussis": "pertussis, tos ferina",
    "polio": "polio",
    "polio vaccine": "vacuna contra la polio",
    "rubella": "rubeóla",
    "smallpox": "viruela",
    "vaccinate": "vacunar",
    "vaccination": "vacunación",
    "wet the bed": "mojar la cama",
    "whooping cough": "tos ferina, tos convulsiva",
    "athlete’s foot": "pie de atleta",
    "bunion": "bunio, juanete",
    "capsulitis": "capsulitas",
    "foot complications": "complicaciones de los pies",
    "fungal toe nails": "hongos de las uñas de los pies",
    "hammer toe": "dedo en martillo",
    "ingrown toenail": "uña enterrada / encarnada",
    "vascular disease": "enfermedad vascular",
    "chronic pulmonary obstructive disease": "enfermedad pulmonar obstructiva crónica",
    "izonizid": "izonizid",
    "rifampin": "rifampin",
    "emphysema": "enfisema",
    "empyema": "empiema",
    "pleurae": "pleuras",
    "pleurism": "pleurismo",
    "pulmonary circulation": "circulación pulmonar",
    "pulmonary pressure": "presión pulmonar",
    "pulmonary system": "sistema pulmonar",
    "pulmonary tuberculosis": "tuberculosis pulmonar",
    "pulmonologist": "pulmonólogo",
    "respiratory system": "sistema respiratorio",
    "tuberculosis pleurisy": "tuberculosis pleuritis",
    "upper respiratory infection": "infección respiratoria superior",
    "vital capacity": "capacidad vital",
    "radioactive iodine": "yodo radioactivo",
    "radioactive tracing": "trazo radioactivo",
    "radiography": "radiografía",
    "radiologist": "radiólogo",
    "radiology technician": "técnico en radiología",
    "occupational rehabilitation": "rehabilitación ocupacional",
    "physical therapy": "fisioterapia",
    "degernerative disc disease": "enfermedad de disco degenerativa",
    "degenerative joint desease": "enfermedad degenerativa de las articulaciones",
    "fibromyalgia": "fibromialgia",
    "gout": "gota",
    "joint fluid": "líquido articular",
    "measurement of inflammation": "medida de la inflamación",
    "osteoarthritis": "osteoartritis",
    "rheumatism": "reumatismo",
    "rheumatoid arthritis": "arthritis reumatoide(a)",
    "rheumatoid blood factor test": "examen de factor reumatoide(o) en la sangre",
    "rheumatologist": "reumatólogo",
    "rheumatology": "reumatología",
    "child abuse": "abuso, maltrato infantil",
    "domestic violence": "violencia doméstica",
    "medicaid": "medicaid",
    "medicare": "medicare",
    "chronic renal failure": "ataque renal crónico",
    "ejaculate": "eyacular",
    "ejaculation": "eyaculación",
    "epididymitis": "epididimitis",
    "erection": "erección",
    "hematouria": "hematouria",
    "impotence": "impotencia",
    "incontinence": "incontinencia",
    "kidney stones": "cálculos // piedras renales, en el riñón",
    "microalbumin": "microalbumina",
    "proteinuria": "proteinuria",
    "renal": "renal",
    "strong stream of urine": "chorro, flujo, caudal fuerte de orina",
    "urinary tract infection": "infección del tracto urinario",
    "urologist": "urólogo",
    "urology": "urología",
    "vasectomy": "vasectomía"
}