{
    "cavidade abdominal": "Abdominal Cavity",
    "ecotomografia abdominal": "Abdominal Echotomography",
    "tuberculose abdominal": "Abdominal Tuberculosis",
    "ecografia abdominal": "Abdominal Ultrasonography",
    "dor abdominal": "Abdominalgia; Celialgia; Abdominal Pain",
    "aborto": "Abortion",
    "abcesso": "Abscess",
    "corpo cetónico": "Acetone Bodies",
    "acidose": "Acidosis",
    "imunidade adquirida": "Acquired Immunity",
    "apendicite aguda": "Acute Appendicitis",
    "bronquite aguda": "Acute Bronchitis",
    "hepatite aguda": "Acute Hepatitis",
    "peritonite aguda": "Acute Peritonitis",
    "toxicidade aguda": "Acute Toxicity",
    "dose adicional": "Additional Doses",
    "adenite": "Adenitis",
    "adenocarcinoma": "Adenocarcinoma",
    "adenoidectomia": "Adenoidectomy",
    "adenomegalia": "Adenomegalia",
    "adenopatia": "Adenopathy",
    "dose administrada": "Administered Dose",
    "glândulas supra-renais": "Adrenal Glands",
    "adrenalite": "Adrenalitis",
    "adinamia": "Adynamia",
    "aglutinação": "Agglutination",
    "agranulocitose": "Agranulocytosis",
    "alanina aminotransferase": "Alanine Transaminase (ALT)",
    "albumina": "Albumin",
    "alcoolismo": "Alcoholism",
    "malária álgida": "Algid Malaria",
    "reacção alérgica": "Allergic Reaction",
    "alergia": "Allergy",
    "alopecia": "Alopecia",
    "tratamento alternativo": "Alternative Therapy",
    "alveolite": "Alveolitis",
    "tratamento ambulatório": "Ambulant Treatment, Out-Patient Treatment",
    "ambulatório": "Ambulatory",
    "amebíase": "Amebiasis",
    "desinteria amebiana": "Amebic Dysentery",
    "aminotransferase": "Aminotransferase",
    "amnésia": "Amnesia",
    "ampicilina": "Amplicilline",
    "amputação": "Amputation",
    "amígdalas cerebelosas": "Amygdala",
    "reacção anafilática": "Anaphylactic Reaction",
    "anafilaxia": "Anaphylaxy",
    "anastomose": "Anastomosis",
    "ancilostoma": "Ancylostoma",
    "antídoto": "Anditote",
    "anemia": "Anemia",
    "aneurisma": "Aneurysm",
    "angina de peito": "Angina Pectoris",
    "angiomatose": "Angiomatosis",
    "enzima conversor da angiotensina (eca)": "Angiotensin I Converting Enzyme (ACE)",
    "anomalia": "Anomaly, Abnormality",
    "ligamento cruzado anterior": "Anterior Cruciate Ligament (ACL)",
    "carbúnculo": "Anthrax",
    "antropozoonose": "Anthropozoonosis",
    "antibiograma": "Antibiogram",
    "antibiótico": "Antibiotic",
    "antibioterapia": "Antibiotic Therapy",
    "anticoagulante": "Anticoagulant",
    "anticorpo": "Anticorps",
    "antidiabético": "Antidiabetic",
    "antieméticos": "Antiemetics",
    "antigénio": "Antigen",
    "antigenemia": "Antigenaemia; Antigenemia",
    "anti-inflamatório": "Anti-Inflammatory",
    "antimalárico": "Antimalarial",
    "anticorpo anti-citoplasma de neutrófilos": "Anti-Neutrophil Cytoplasmic Antibody (ANCA)",
    "anticorpos anti-nucleares": "Anti-Nuclear Antibody (ANA)",
    "antioxidante": "Antioxydant",
    "antipirético": "Antipyretic",
    "anti-sepsia": "Antisepsis",
    "imunidade anti-tóxica": "Antitoxic Immunity",
    "aneurisma aórtico": "Aortic Aneurysm",
    "anomalia cardiovascular": "Aortic Arch Anomalies",
    "dissecção da aorta": "Aortic Tear",
    "aplasia": "Aplasia",
    "apoptose": "Apoptosis",
    "apendicectomia": "Appendicectomy; Appendectomy",
    "apendicite": "Appendicite",
    "apirético": "Apyretic",
    "apirexia": "Apyrexia",
    "arbovirose": "Arbovirosis",
    "malformação de chiari": "Arnold Chiari Malformation",
    "arritmia": "Arrhytmia",
    "hipotensão arterial": "Arterial Hypotension",
    "pressão arterial": "Arterial Tension, Blood Pressure, Arterial Pressure",
    "arterite": "Arteritis",
    "artralgia": "Arthralgie",
    "artrite": "Arthritis",
    "artroplastia": "Arthroplasty",
    "ascaríase": "Ascariasis",
    "ascarídeo": "Ascarid; Maw-Worm; Roundworm",
    "ascaridiose": "Ascaridiosis; Ascariosis",
    "ascaris lumbricóides": "Ascaris Lumbricoides",
    "ascite": "Ascites",
    "assepsia": "Asepsis",
    "meningite asséptica ou viral": "Aseptic Meningitis; Acute Aseptic Meningitis",
    "aspartato aminotransferase": "Aspartate Transaminase (AST)",
    "aspergiloma": "Aspergilloma",
    "aspirina": "Aspirin",
    "asplenia": "Asplenia",
    "astenia": "Asthénie",
    "asma": "Asthma",
    "astrócito": "Astrocyte",
    "ataxia": "Ataxia",
    "doença aterosclerótica": "Athérosclérose",
    "aterosclerose": "Atherosclerosis",
    "fibrilhação auricular": "Atrial Fibrillation",
    "contracção auricular": "Atrial Systole",
    "aurícula": "Atrium",
    "micobacteria atípica": "Atypical Mycobacteria",
    "auscultação": "Auscultation",
    "auto-diagnóstico": "Autodiagnosis",
    "autópsia": "Autopsy, Necropsy",
    "temperatura axilar": "Axillary Temperature",
    "células ou linfócitos b": "B cell",
    "baciloscopia": "Bacilloscopy",
    "bacilo": "Bacillus",
    "genoma bacteriano": "Bacterial Genome",
    "bacteriemia": "Bacteriemia",
    "bactéria": "Bacterium",
    "bartonelose": "Bartonellosis",
    "pares de bases (pb)": "Base Pairs (bp)",
    "tríade cognitiva ou de beck": "Beck's Triad",
    "bloqueadores-beta": "Beta Blockers",
    "bilharziose": "Bilharziosis",
    "cirrose biliar primária": "Biliary Cirrhosis (Primary)",
    "bilirubina": "Bilirubin",
    "biomicroscopia": "Biomicroscopy",
    "biópsia": "Biopsy",
    "febre biliosa hemoglobinurica": "Blackwater Fever",
    "cegueira": "Blindness",
    "banco de sangue": "Blood Bank",
    "coagulação sanguínea": "Blood Coagulation",
    "doador de sangue": "Blood Donor",
    "grupo sanguíneo": "Blood Group",
    "amostra de sangue": "Blood Sample",
    "exame de sangue": "Blood Test",
    "transfusão sanguínea": "Blood Transfusion",
    "azoto ureico no sangue": "Blood Urea Nitrogen (BUN)",
    "temperatura corporal": "Body Temperature",
    "medula óssea": "Bone Marrow",
    "biópsia óssea": "Bone Marrow Biopsy",
    "dose de reforço": "Booster Dose",
    "borreliose": "Borreliosis",
    "febre escaro-nodular": "Boutonneuse Fever",
    "bradicardia": "Bradycardia",
    "traumatismo craniano": "Brain Concussion; Head Trauma",
    "tronco cerebral": "Brain Stem",
    "cancro da mama": "Breast Cancer, Mammary Cancer",
    "amamentação": "Breast Feeding",
    "tumor da mama": "Breast Tumor",
    "área de broca": "Broca's Area",
    "bronquiolite": "Bronchiolitis",
    "bronquite": "Bronchitis",
    "fístula bronco-pleural": "Bronchopleural Fistula",
    "broncopneumonia": "Bronchopneumonia",
    "broncoscopia": "Bronchoscopy",
    "brucelose": "Brucellosis",
    "linfoma de burkitt": "Burkitt's Lymphoma",
    "cancro": "Cancer",
    "cancróide": "Cancroid",
    "antigénio capsular": "Capsular Antigen",
    "carcinoma": "Carcinoma",
    "carcinomatose": "Carcinomatosis",
    "paragem cardíaca": "Cardiac Arrest",
    "disritmia cardíaca": "Cardiac Dysrhythmia",
    "insuficiência cardíaca": "Cardiac Failure",
    "cirurgia cardíaca": "Cardiac Surgery",
    "tamponamento cardíaco": "Cardiac Tamponade",
    "cardiologista": "Cardiologist",
    "cardiopatia": "Cardiopathy",
    "ressuscitação ou reanimação cardiopulmonar": "Cardiopulmonary Resuscitation (CPR)",
    "catarata": "Cataract",
    "cateter": "Catheter",
    "cateterismo": "Catheterization",
    "seio cavernoso": "Cavernous Synus",
    "cultura celular": "Cell Culture",
    "imunidade celular": "Cellular Immunity",
    "pressão venosa central": "Central Venous Pressure",
    "cefaleia": "Cephalalgia",
    "ceratite": "Ceratitis",
    "ataxia cerebelar": "Cerebellar Ataxia",
    "abcesso cerebral": "Cerebral Abscess",
    "ataxia cerebral": "Cerebral Ataxia",
    "córtex cerebral": "Cerebral Cortex",
    "hemorragia cerebral": "Cerebral Hemorrhage",
    "malária cerebral": "Cerebral Malaria",
    "edema cerebral": "Cerebral Oedema",
    "trombose cerebral": "Cerebral Thrombosis",
    "líquido cefalorraquidiano (lcr)": "Cerebro-Spinal Fluid (CSF)",
    "cervicite": "Cervitis",
    "cesariana": "Cesarean Section",
    "doença de chagas": "Chagas' Disease; Chagas-Cruz Disease",
    "cancro mole": "Chancroid",
    "exame completo": "Check-Up",
    "queilite": "Cheilitis",
    "quimioprofilaxia": "Chemoprophylaxis",
    "quimioterapia": "Chemotherapy",
    "infecção puerperal": "Childbed Fever",
    "parto": "Childbirth",
    "doença infantil": "Children's Disease",
    "colangite ou angiocolite": "Cholangitis",
    "colecistectomia": "Cholecystectomy",
    "cólera": "Cholera",
    "colestase": "Cholestasis; Cholestasia",
    "colesterol": "Cholesterol",
    "hepatite crónica activa": "Chronic Active Hepatitis",
    "bronquite crónica": "Chronic Bronchitis",
    "doença crónica": "Chronic Disease",
    "hepatite crónica": "Chronic Hepatitis",
    "leucemia linfática crónica": "Chronic Lymphocytic Leukemia",
    "toxicidade crónica": "Chronic Toxicity",
    "cronicidade": "Chronicity",
    "polígono de willis": "Circle of Willis",
    "colapso circulatório": "Circulatory Collapse; Circulatory Failure",
    "circuncisão": "Circumcision",
    "cirrose": "Cirrhosis",
    "diagnóstico clínico": "Clinical Diagnosis",
    "exame clínico": "Clinical Examination",
    "clonagem": "Cloning",
    "massagem cardíaca externa": "Closed Chest Cardiac Massage",
    "coagulação": "Coagulation",
    "codão": "Codon",
    "cólica": "Colic",
    "colite": "Colitis",
    "colapso": "Collapse",
    "cancro do cólon": "Colon Cancer",
    "colonoscopia": "Colonoscopy",
    "coma": "Coma",
    "vacina combinada": "Combined Vaccine; Combination Vaccine",
    "hemograma completo": "Complete Blood Count (CBC)",
    "fractura exposta": "Compound Fracture; Open Fracture",
    "vacinação obrigatória": "Compulsory Vaccination",
    "tomografia axial computorizada (tac)": "Computed (Or Computerized) Axial Tomography",
    "anomalia congénita": "Congenital Defect",
    "conjuntivite": "Conjunctivitis",
    "tecido conjuntivo": "Connective Tissue",
    "consultar": "Consult",
    "consulta": "Consultation",
    "contágio": "Contagion",
    "doença contagiosa": "Contagious Disease",
    "contagiosidade": "Contagiousness",
    "contaminar": "Contaminate",
    "contaminação": "Contamination",
    "contraceptivo": "Contraceptive",
    "preservativo": "Contraceptive",
    "contrair": "Contract",
    "contra-indicação": "Contraindication",
    "contusão": "Contusion",
    "convulsão": "Convulsion",
    "angioplastia coronária": "Coronary Angioplasty",
    "doença coronária": "Coronary Heart Disease",
    "trombose coronária": "Coronary Thrombosis",
    "corpo caloso": "Corpus Callosum",
    "cegueira cortical": "Cortical Blindness",
    "corticoterapia": "Corticotherapy",
    "coriza": "Coryza; Nasal Catarrh; Common Cold",
    "tosse": "Cough",
    "creatinina": "Creatinine",
    "doença de crohn": "Crohn's Disease",
    "creatinaquinase": "Creatine Kinase",
    "criptococose": "Cryptococcosis",
    "tratamento curativo": "Curative Method",
    "cura": "Cure, Healing, Recovering",
    "curetagem": "Curettage",
    "leishmaniose cutânea": "Cutaneous (Or Dermal) Leishmaniasis",
    "tuberculose cutânea": "Cutaneous Tuberculosis",
    "cianose": "Cyanosis",
    "quisto": "Cyst",
    "cisticercose": "Cysticercosis",
    "cistite": "Cystitis",
    "citocina ou citoquina": "Cytokyne",
    "citometria": "Cytometry",
    "citotoxicidade": "Cytotoxicity",
    "dose diária": "Daily Dose",
    "descontaminação": "Decontamination",
    "descorticação": "Decortication",
    "hospedeiro definitivo": "Definitive Host; Final Host",
    "desidratação": "Dehydratation",
    "desidratar": "Dehydrate",
    "hepatite delta": "Delta Hepatitis",
    "demência": "Dementia",
    "desmielinização": "Demyelination",
    "desnaturação": "Denaturation",
    "dengue": "Dengue",
    "abcesso dentário": "Dental Abscess",
    "desnutrição": "Denutrition",
    "dermatite ou dermite": "Dermatitis",
    "dermatose": "Dermatosis",
    "descamação": "Desquamation",
    "diabetes": "Diabetes",
    "diabetes mellitus": "Diabetes Mellitus",
    "diagnosticar": "Diagnose, Diagnosticate",
    "diagnóstico": "Diagnosis, Diagnostic",
    "diarreia": "Diarrhea",
    "doença diarreica": "Diarrhheal Diseases",
    "diástase": "Diastasis",
    "diástole": "Diastole",
    "linfoma difuso": "Diffuse Lymphoma",
    "tubo digestivo": "Digestive Tube",
    "dilatação": "Dilatation",
    "dilatação cardíaca": "Dilatation Of The Heart",
    "cardiomiopatia dilatada": "Dilated (Congestive) Cardiomyopathy",
    "difteria": "Diphteria",
    "ceratite disciforme": "Disciform Keratitis",
    "doença": "Disease",
    "desinfecção": "Disinfection",
    "desinfestação": "Disinfestation",
    "coagulação intravascular disseminada": "Disseminated (Or Diffuse) Intravascular Coagulation",
    "disseminação": "Dissemination",
    "diurese": "Diuresis",
    "diurético": "Diuretic",
    "doador": "Donor",
    "dopamina": "Dopamine",
    "feixes dopaminérgicos": "Dopaminergic Pathways",
    "doseamento": "Dosage",
    "dose": "Dose",
    "dracunculose": "Dracontiasis",
    "dreno": "Drain",
    "drenagem": "Drainage",
    "droga": "Drug",
    "medicamento": "Drug, Medicine",
    "raiva paralítica": "Dumd Rabies; Paralytic Rabies",
    "úlcera duodenal": "Duodenal Ulcer",
    "disartria": "Dysarthria",
    "disfagia": "Dysphagia",
    "dispneia": "Dyspnea",
    "ébola": "Ebola",
    "febre hemorrágica do ébola": "Ebola Hemorrhagic Fever",
    "equinococose": "Echinococcosis",
    "ecocardiograma": "Echocardiogram",
    "ecografia": "Obstetric Sonography",
    "ectasia": "Ectasia",
    "gravidez ectópica": "Ectopic Pregnancy",
    "eczema": "Eczema",
    "edema": "Edema",
    "verme": "Eelworm",
    "efeito": "Effect",
    "derrame": "Effusion",
    "microscopia electrónica": "Electron Microscopy",
    "embolia": "Embolism",
    "embolização": "Embolization",
    "tratamento de emergência": "Emergency Treatment",
    "empiema": "Empyème",
    "encefalite": "Encephalitis",
    "encefalopatia": "Encephalopathy",
    "abcesso amebiano": "Endamebic Abscess, Entamebic Abscess",
    "bócio endémico": "Endemic Goiter",
    "zona de endemia": "Endemic Zone",
    "endemicidade": "Endemicity",
    "endocardite": "Endocarditis",
    "endoscopia": "Endoscopy",
    "endotoxina": "Endotoxin",
    "enterite": "Enteritis",
    "enterobíase": "Enterobiasis",
    "enzima": "Enzima",
    "zona de epidemia": "Ependymal Zone",
    "epidemia": "Epidemic",
    "tifo epidémico": "Epidemic Typhus; European Typhus; Exanthemic Typhus",
    "epidemiologia": "Epidemiology",
    "epiderme": "Epidermis",
    "epiglotite": "Epiglottitis",
    "epilepsia": "Epilepsy",
    "adrenalina": "Epinephrine, Adrenalin",
    "placa epifisária ou de crescimento": "Epiphyseal Plate",
    "episclerite": "Episcleritis",
    "célula epitelial": "Epithelial Cell",
    "erradicação": "Eradication",
    "eritema": "Erythema",
    "eritema anular centrifugum": "Erythema Annulare Centrifugum",
    "eritema migrans": "Erythema Migrans",
    "hemácia": "Erythrocyte",
    "esofagite": "Esophagitis",
    "esofagograma": "Esophagogram",
    "diagnóstico etiológico": "Etiologic Diagnosis",
    "etiologia": "Etiology",
    "etiopatogenia": "Etiopathology",
    "exame": "Examination",
    "expectoração": "Expectoration",
    "laparotomia exploratória": "Exploratory Laparotomy (EX LAP)",
    "tuberculose extra-pulmonar": "Extrapulmonary Tuberculosis",
    "anemia falciforme": "Falciform Anemia",
    "malária falciparum": "Falciparum Malaria",
    "trompa de falópio": "Fallopian Tube",
    "imunidade genética": "Familial Immunity; Genetic Immunity",
    "fasciolíase": "Fascioliasis",
    "febrícula": "Febricule",
    "convulsão febril": "Febrile Convulsions",
    "contaminação fecal": "Fecal Contamination",
    "coprocultura": "Fecal Culture",
    "transmissão fecal-oral": "Fecal-Oral Transmission",
    "fertilidade": "Fecundity",
    "sofrimento fetal": "Fetal Distress",
    "feto": "Fetus",
    "febre": "Fever",
    "broncofibroscopia": "Fiberoptic Bronchoscopy",
    "fibrinogénio": "Fibrinogen",
    "fibrinólise": "Fibrinolysis",
    "fibrose": "Fibrosis",
    "filariose": "Filariasis",
    "fístula": "Fistula",
    "fistulização": "Fistulization",
    "flavivírus": "Flavivirus",
    "fascíola": "Fluke",
    "microscopia de fluorescência": "Fluorescence Microscopy",
    "foco": "Focus",
    "higiene alimentar": "Food Sanitation",
    "fossa": "Fossa",
    "dose fraccionada": "Fractional Dose",
    "fractura": "Fracture",
    "preservativo masculino": "French Brauduche; French Letter; Male Condom",
    "plasma fresco congelado": "Fresh Frozen Plasma (FFP)",
    "hepatite fulminante": "Fulminant Hepatitis; Fulminanting Hepatitis",
    "funiculite": "Funiculitis",
    "furúnculo": "Furuncle",
    "vesícula biliar": "Gallbladder",
    "colelitíase": "Gallstone",
    "gama glutamil transferase": "Gamma Glutamyl Transpeptidase (GGT)",
    "gangrena": "Gangrene",
    "gastrectomia": "Gastrectomy",
    "gastrenterite": "Gastroenteritis",
    "hemorragia gastrointestinal": "Gastrointestinal Hemorrhage",
    "gelose": "Gelose",
    "gene": "Gene",
    "anestesia geral": "General Anesthesia",
    "medicamento genérico": "Generic Medicament",
    "genoma": "Genome",
    "gestação": "Gestation",
    "giardíase": "Giardiasis",
    "glossite": "Glossitis",
    "glicose": "Glucose",
    "glicolípido": "Glycolipid",
    "glicólise": "Glycolysis",
    "bócio": "Goiter",
    "gonorreia": "Gonorrhea",
    "blenorragia": "Gonorrhea",
    "transplante": "Graft",
    "enxerto": "Graft",
    "grávida": "Gravida",
    "grande epiploon ou epiploon gastro-cólico": "Greater Omentum",
    "ginecologista": "Gynecologist",
    "ginecomastia": "Gynecomastia",
    "hemaglutinação": "Haemagglutination",
    "hemofílico": "Haemophiliac",
    "halofantrina": "Halofantrine",
    "hantavírus": "Hantavirus",
    "haptoglobina": "Haptoglobin",
    "curar": "Heal",
    "educação sanitária": "Health Education",
    "doença cardiovascular": "Heart Disease",
    "helmintíase": "Helminthiasis",
    "hematologia": "Hematology",
    "hemiparesia": "Hemiparesis",
    "hemiplegia": "Hemiplegia",
    "hemocromatose": "Hemochromatosis",
    "hemocultura": "Hemoculture",
    "hemodialisado": "Hemodialized",
    "hemodiálise": "Hemodialysis",
    "hemoglobinopatia": "Hemoglobinopathy",
    "febre hemoglobinúrica": "Hemoglobinuric Fever",
    "hemograma": "Hemogram",
    "hemólise": "Hemolysis",
    "anemia hemolítica": "Hemolytic Anemia",
    "hemopatia": "Hemopathy",
    "hemopericárdio": "Hemopericardium",
    "hemofilia": "Hemophilia",
    "hemoptise": "Hemoptysis",
    "hemorragia": "Hemorrhage",
    "dengue hemorrágico": "Hemorrhagic Dengue",
    "febre hemorrágica": "Hemorrhagic Fevers",
    "avc hemorrágico": "Hemorrhagic Stroke",
    "hemotórax": "Hemothorax",
    "heparina": "Heparin",
    "hepatectomia": "Hepatectomy",
    "célula hepática": "Hepatic Cell",
    "disfunção hepática": "Hepatic Dysfuntion",
    "encefalopatia hepática": "Hepatic Encephalopathy",
    "insuficiência hepática aguda": "Hepatic Failure Acute",
    "insuficiência hepática": "Hepatic Insufficiency",
    "peliose hepática": "Hepatic Peliosis",
    "hepatite": "Hepatitis",
    "carcinoma hepatocelular": "Hepatocellular Carcinoma",
    "insuficiência hepatocelular": "Hepatocellular Failure",
    "hepatomegalia": "Hepatomegaly",
    "vírus hepatotrópico": "Hepatotropic Viri",
    "hérnia": "Hernia",
    "herpes genital": "Herpes Genitalis",
    "herpes simplex": "Herpes Simplex",
    "herpes zoster ou zona": "Herpes Zoster",
    "herpesvírus": "Herpesvirus",
    "ceratite herpética": "Herpetic Keratitis",
    "gânglios linfáticos hilares": "Hilar Lymph Node",
    "hipoxemia  ou hipoxia": "Hipoxia",
    "vih (vírus da imunodeficiência humana)": "HIV (Human Immunodeficiency Virus)",
    "infecção vih": "Hiv Infection",
    "homeostasia": "Homoeostasis; Homestasis",
    "hormona": "Hormone",
    "hospital": "Hospital",
    "higiene hospitalar": "Hospital Hygiene",
    "hospitalização": "Hospitalization",
    "hospitalizar": "Hospitalize",
    "hospedeiro": "Host",
    "imunidade humoral": "Humoral Immunity",
    "fome": "Hunger",
    "hibridização": "Hybridization",
    "quisto hidático": "Hydatid Cyste",
    "hidatidose": "Hydatidosis",
    "hidrocefalia": "Hydrocephalus",
    "diarreia aquosa": "Hydrodiarrhoea",
    "higiene": "Hygiene",
    "hipercitose": "Hypercytosis",
    "hiperemia conjuntival": "Hyperemia Of The Conjunctiva",
    "hiperendemia": "Hyperendemia",
    "área hiperendémica": "Hyperendemic Area",
    "hiperinsulinemia": "Hyperinsulinemia",
    "hiperleucocitose": "Hyperleukocytosis",
    "hiperparasitemia": "Hyperparasitemia",
    "hiperplasia": "Hyperplasia",
    "hiperpirexia": "Hyperpyrexia",
    "hipersecreção": "Hypersecretion",
    "reacção de hipersensibilidade": "Hypersensitivity Reaction",
    "hipertensão": "Hypertension",
    "hipertermia": "Hyperthermia",
    "hipertonicidade": "Hypertonicity",
    "hipertrofia": "Hypertrophy",
    "hipoacusia": "Hypoacusia; Hypoacusis",
    "hipocalcemia": "Hypocalcemia",
    "hipocapnia": "Hypocapnie",
    "hipocromia": "Hypochromia",
    "hipoendemia": "Hypo-Endemia",
    "hipoglicemia": "Hypoglycemia",
    "hipoplasia": "Hypoplasie",
    "hipotensão": "Hypotension",
    "hipotermia": "Hypothermia",
    "hipotonia": "Hypotonia",
    "hipotónico": "Hypotonic",
    "hipovolemia": "Hypovolemia",
    "iatrogenia": "Iatrogeny",
    "icterícia": "Icterus, Jaundice",
    "oclusão intestinal": "Ileus, Intestinal Obstruction",
    "doente": "Ill",
    "imunidade": "Immunity",
    "imunocomprometido": "Immunocompromised",
    "imunosupressão": "Immunodepression; Immune Depression",
    "imunodifusão": "Immunodiffusion",
    "imunoglobulina": "Immunoglobulin (IG)",
    "imunoterapia": "Immunotherapy",
    "isquémia": "Inchemia",
    "incubação": "Incubation",
    "mortalidade infantil": "Infant Mortality",
    "diarreia infantil": "Infantile Diarrhea, Infantile Diarrhoea",
    "infecção": "Infection",
    "doença infecciosa": "Infectious Disease",
    "endocardite infecciosa": "Infectious Endocarditis",
    "hepatite infecciosa": "Infectious Hepatitis",
    "hepatite vírica": "Infectious Hepatitis",
    "asma infecciosa": "Infective Asthma",
    "infecciosidade": "Infectivity; Infectiosity",
    "infertilidade": "Infertility; Intersterility",
    "infestação": "Infestação",
    "enfermaria": "Infirmary",
    "inflamação": "Inflammation",
    "vírus influenza": "Influenza Virus",
    "gripe": "Influenza, Flu",
    "infusão": "Infusion",
    "ingestão": "Ingestion",
    "inalação": "Inhalation",
    "inibição": "Inhibition",
    "dose inicial": "Initial Dose; Starting Dose",
    "injecção": "Injection",
    "inoculação": "Inoculation",
    "insolação": "Insolation",
    "insulina": "Insulin",
    "resistência à insulina": "Insulin Resistance",
    "interferão": "Interferon",
    "febre intermitente": "Intermittent Fever",
    "internamento": "Internation",
    "internista": "Internist",
    "mucosa intestinal": "Intestinal Mucosa",
    "obstrução intestinal": "Intestinal Obstruction",
    "parasita intestinal": "Intestinal Parasite; Parasitic Worn",
    "intoxicação": "Intoxication",
    "intratecal": "Intrathecal",
    "injecção intra-muscular": "Intramuscular (I.M.) Injection",
    "injecção endovenosa": "Intravenous Injection",
    "contracção isovolumétrica": "Isovolumic Contraction",
    "relaxamento isovolumétrico": "Isovolumic Relaxation",
    "encefalite japonesa": "Japanese Encephalitis",
    "pressão venosa jugular": "Jugular Venous Pressure (JVP)",
    "febre amarela silvática": "Jungle Yellow Fever",
    "paralisia infantil": "Juvenile Paralysis",
    "cetogénese": "Ketogenesis",
    "cinesiterapia": "Kinesitherapy",
    "bacilo de kock": "Koch's Bacillus",
    "célula de kupffer": "Kupffer's Cell",
    "diagnóstico laboratorial": "Laboratory Diagnosis",
    "labirintite": "Labyrinthitis",
    "acidose láctica": "Lactic Acidosis",
    "enfarte lacunar": "Lacunar Infarct",
    "laminectomia": "Laminectomy",
    "laparotomia": "Laparotomy",
    "compressas abdominais": "Laps/Lap Sponges",
    "dose elevada": "Large Doses; High Doses",
    "laringite": "Laryngitis",
    "febre de lassa": "Lassa Fever",
    "latência": "Latency",
    "latrina": "Latrine; Cesspool",
    "leishmania": "Leishmania",
    "lepra": "Leprosy",
    "leptospirose": "Leptospirosis",
    "lesão": "Lesion",
    "pequeno epiploon ou epiploon gastro-hepático": "Lesser Omentum",
    "letalidade": "Lethality",
    "letargia": "Lethargy",
    "leucemia": "Leucémie",
    "leucócito": "Leukocyte",
    "leucocitose": "Leukocytosis",
    "leucopenia": "Leukopenia",
    "leucorreia": "Leukorrhea",
    "sistema límbico": "Limbic System",
    "listeriose": "Listeriosis",
    "litíase": "Lithiasis",
    "abcesso hepático": "Liver Abscess",
    "biópsia hepática": "Liver Biopsy",
    "lesão hepática": "Liver Damage",
    "transplantação hepática": "Liver Transplant",
    "lobectomia": "Lobectomy",
    "febre baixa": "Low-Grade Fever",
    "punção lombar": "Lumbar Puncture (LP or Tap)",
    "cancro do pulmão": "Lung (Carcinoma Of)",
    "lúpus": "Lupus",
    "doença de lyme": "Lyme Disease",
    "linfoma": "Lymfoma",
    "gânglio linfático": "Lymph Node",
    "linfadenopatia": "Lymphadenopathy",
    "linfangite": "Lymphangitis",
    "filaríase ou filariose linfática": "Lymphatic Filariasis",
    "linfedema": "Lymphedema",
    "linfócitos": "Lymphocytes",
    "alveolite linfocítica": "Lymphocytic Alveolitis",
    "linfocitose": "Lymphocytosis",
    "malária ou paludismo": "Malaria",
    "parasita malárico": "Malaria Parasite",
    "malignidade": "Malignancy",
    "malnutrição": "Malnutrition",
    "mamografia": "Mammography",
    "marasmo": "Marasmus",
    "marsupialização": "Marsupialization",
    "mastócito": "Mast Cell",
    "mastectomia": "Mastectomy",
    "mastoidectomia": "Mastoidectomy",
    "maternidade": "Maternity Ward",
    "mediastino": "Mediastinum",
    "assistência médica": "Medical Care; Medical Aid",
    "atestado médico": "Medical Certificate",
    "exame médico": "Medical Examination",
    "patologia médica": "Medical Pathology",
    "material médico": "Medical Products",
    "tratamento médico": "Medical Treatment",
    "fármaco": "Medicament",
    "medicação": "Medication",
    "receita médica": "Medicinal Prescription",
    "aplasia medular": "Medullary Aplasia",
    "membrana": "Membrane",
    "meningite": "Meningitis",
    "meningite meningocócica": "Meningococcal (Or Meningococcic) Meningittis",
    "menstruação": "Menstruation",
    "acidose metabólica": "Metabolic Acidosis",
    "metastização": "Metastatization",
    "micróbio": "Microbe",
    "exame microbiológico": "Microbiologic Examination",
    "microorganismo": "Microorganism",
    "microrradiografia": "Microradiographie",
    "microscopia": "Microscopy",
    "tuberculose miliar": "Miliary Tuberculosis",
    "mitose": "Mitosis",
    "válvula mitral": "Mitral Valve",
    "anticorpo monoclonal": "Monoclonal Antibodies",
    "vacina monovalente": "Monovalent Vaccine",
    "mortalidade": "Mortality",
    "mosquito": "Mosquito",
    "mucosa": "Mucosa",
    "angiografia de múltipla entrada": "Multiple Gated Acquisition Scan (MUGA)",
    "esclerose múltipla": "Multiple Sclerosis",
    "papeira": "Mumps",
    "tifo murino": "Murine Typhus",
    "espasmo muscular": "Muscle Spasm, Muscle Cramp",
    "tónus muscular": "Muscular Tonus",
    "mutação": "Mutation",
    "mialgia": "Myalgia",
    "micobactéria": "Mycobacteria",
    "aneurisma micótico": "Mycotic Aneurysm",
    "mielodisplasia": "Myelodysplasia",
    "mielograma": "Myelogram",
    "mielomenigocelo": "Myelomeningocele",
    "mielotomia": "Myelotomy",
    "insuficiência miocárdica": "Myocardial Failure",
    "enfarte do miocárdio": "Myocardial Infarction",
    "miocardite": "Myocarditis",
    "miocárdio": "Myocardium",
    "mioglobina": "Myoglobin",
    "miopatia": "Myopathy",
    "miopericardite": "Myopericarditis",
    "miosite": "Myositis",
    "nasofaringe": "Nasopharynge",
    "natalidade": "Natality",
    "cirurgia endoscópica transluminal": "Natural Orifices Translumenal Endoscopic Surgery (NOTES)",
    "náusea": "Nausea",
    "necrose": "Necrosis",
    "vasculite necrotizante": "Necrotizing Vasculitis",
    "mortalidade neonatal": "Neonatal Mortality",
    "neoplasia": "Neoplasia",
    "tecido nervoso": "Nervous Tissue; Nerve Tissue; Neural Tissue",
    "neurogénico": "Neurogenic",
    "neuropatia": "Neuropathy",
    "neurocirurgia": "Neurosurgery",
    "neutralizar": "Neutralize",
    "anticorpo neutralizante": "Neutralizing Antibody",
    "neutropenia": "Neutropenia",
    "neutrofilia": "Neutrophilia",
    "recém-nascido": "Newly-Born Child",
    "nodulectomia": "Nodulectomy",
    "linfoma não hodgkin": "Non-Hodgkin Lymphoma",
    "enfermeira": "Nurse",
    "nutrição": "Nutrition",
    "recuperação nutricional": "Nutritional Rehabilitation",
    "nistagmo": "Nystagmus",
    "obnubilação": "Obnubilation",
    "obstetrícia": "Obstetrics",
    "obstipação": "Obstipation; Constipation",
    "obstrução": "Obstruction",
    "hidrocefalia obstrutiva": "Obstructive Hydrocephalus",
    "odinofagia": "Odynophagia",
    "bandas oligoclonais": "Oligloclonal Bands",
    "oncocercose": "Onchocerciasis",
    "oftalmologista": "Ophtalmologist",
    "cirurgia oftalmológica": "Ophthalmic Surgery",
    "infecção oportunista": "Opportunistic Infection",
    "nevrite óptica": "Optic Neuritis; Neuritis Of The Optic Nerve",
    "nervo óptico": "Optic Nerve",
    "microscopia óptica": "Optical Microscopy",
    "antidiabético oral": "Oral Antidiabetic",
    "vacina oral": "Oral Vaccine",
    "transplante de órgão": "Organ Graft",
    "orofaringe": "Oropharynx",
    "osteomielite": "Osteomyelitis",
    "osteotomia": "Osteotomy",
    "otalgia": "Otalgia",
    "otite": "Otitis",
    "otomastoidite": "Otomastoiditis",
    "palpação": "Palpation",
    "diabetes pancreática": "Pancreatic Diabetes",
    "canal pancreático ou de wirsung": "Pancreatic Duct",
    "pancreatite": "Pancreatitis",
    "pandemia": "Pandemic",
    "papilotomia": "Papillotomy; Papillectomy",
    "papiledema": "Pappilledema",
    "paralisia": "Paralysis",
    "paramédico": "Paramedical",
    "disritmia": "Pararhythmia, Dysrhythmia",
    "parasita": "Parasite",
    "parasitemia": "Parasitemia",
    "doença parasitária": "Parasitic Disease",
    "parasitose": "Parasitosis",
    "paresia": "Paresis",
    "paratireóide": "Parathyroid Gland",
    "parotidite": "Parotiditis",
    "tendão ou ligamento rotuliano": "Patellar Tendon (Or Ligament)",
    "patogénese": "Pathogenesis",
    "agente patogénico": "Pathogenic Agent",
    "patogenicidade": "Pathogenicity",
    "patogenia": "Pathogeny",
    "patologia": "Pathology",
    "paciente": "Patient",
    "pediatria": "Pediatrics",
    "penicilina": "Penicillin",
    "úlcera péptica": "Peptic Ulcer",
    "perfusão": "Perfusion",
    "derrame pericárdico": "Pericardial Effusion",
    "pericardite": "Pericarditis",
    "perimetria": "Perimetry",
    "neuropatia periférica": "Peripheral Neurophaty",
    "sistema nervoso periférico": "Peripheral Nervous System",
    "peritoneografia": "Peritoneography",
    "peritoneu": "Peritoneum",
    "peritonite": "Peritonitis",
    "pertussis": "Pertussis",
    "tosse convulsa": "Pertussis, Whopping Cough",
    "peste bubónica": "Pestis Bubonica",
    "fagocitose": "Phagocytosis",
    "indústria farmacêutica": "Pharmaceutical Industry",
    "farmácia": "Pharmacy",
    "faringite": "Pharygitis",
    "anticorpos anti-fosfolípidos": "Phospholipid Antibody",
    "fotofobia": "Photophobia",
    "médico": "Physician",
    "fisiopatologia": "Physiophatology",
    "fisioterapia": "Physiotherapy",
    "pílula": "Pill",
    "glândula pituitária ou hipófise": "Pituitary Gland",
    "placenta": "Placenta",
    "plasma": "Plasma",
    "plasmina": "Plasmin",
    "pleiocitose": "Pleocytosis",
    "pleocitose": "Pleocytosis",
    "biópsia pleural": "Pleural Biopsy; Pleural Needle Biopsy",
    "derrame pleural": "Pleural Effusion",
    "tuberculose pleural": "Pleural Tuberculosis",
    "pneumatocelo": "Pneumatocele",
    "pneumocistose pulmonar": "Pneumocistose Pulmonar",
    "infecção pneumocócica": "Pneumococcal Infection",
    "pneumocistose": "Pneumocystosis",
    "pneumonia": "Pneumonia",
    "poliomielite": "Poliomielitis; Poliomyelitis",
    "poliovírus": "Poliovirus",
    "poliquimioterapia": "Polychemotherapy",
    "reacção de polimerização em cadeia (pcr)": "Polymerase Chain Reaction (Pcr)",
    "polinevrite": "Polyneuritis",
    "polineuropatia": "Polyneuropathy",
    "polipneia": "Polypnea",
    "posologia": "Posology",
    "infecção pós-aborto": "Postabortal Infection",
    "água potável": "Potable Water",
    "parto prematuro": "Premature Calving; Preterm Delievery",
    "conservação das vacinas": "Preservation Of Vaccines",
    "prevenir": "Prevent",
    "prevenção": "Prevention",
    "cuidados de saúde primário": "Primary Health Care",
    "infecção primária": "Primary Infection",
    "profilaxia primária": "Primary Prophylaxis",
    "resistência primária": "Primary Resistance",
    "coma profundo": "Profound Coma",
    "prognóstico": "Prognosis",
    "profilaxia": "Prophylaxis",
    "cancro da próstata": "Prostate (Carcinoma Of)",
    "prostatite": "Prostatitis",
    "prótese": "Prothesis",
    "psitacose": "Psittacosis",
    "psicose": "Psychosis",
    "aspergilose pulmonar": "Pulmonary Aspergilosis",
    "radiografia do tórax": "Pulmonary Chest X-Ray; Chest X-Rays",
    "distomatose pulmonar": "Pulmonary Distomatosis",
    "edema pulmonar": "Pulmonary Edema",
    "embolia pulmonar": "Pulmonary Embolism",
    "hipertensão pulmonar": "Pulmonary Hypertension",
    "tuberculose pulmonar": "Pulmonary Tuberculosis",
    "pupila": "Pupil",
    "bronquite purulenta": "Putrid Bronchitis; Suppurative Bronchitis",
    "piomiosite": "Pyomyositis",
    "quadricípede crural": "Quadriceps",
    "raiva": "Rabies",
    "vírus da raiva": "Rabies Virus",
    "radiação": "Radiation",
    "mastectomia radical": "Radical Mastectomy",
    "radiografia": "Radiography",
    "radiologia": "Radiology",
    "radioterapia": "Radiotherapy",
    "movimento rápido dos olhos": "Rapid Eye Movement (REM)",
    "enchimento rápido": "Rapid Inflow",
    "rectite": "Rectitis",
    "febre recorrente": "Relapsing Fever",
    "insuficiência renal": "Renal Failure",
    "insuficiência renal aguda": "Renal Failure Acute",
    "insuficiência renal crónica": "Renal Failure Chronic",
    "insuficiência respiratória": "Respiratory Failure; Respiratory Impairment; Respiratory Ailment",
    "retina": "Retina",
    "retinite": "Retinitis",
    "retinopatia": "Retinopathy",
    "retrovírus": "Retrovirus",
    "revacinação": "Revaccination",
    "febre reumática": "Rheumatic Fever",
    "reumatóide": "Rheumatoid",
    "artrite reumatóide": "Rheumatoid Arthritis",
    "rickettsia": "Rickettsia",
    "rickettsia prowaseki": "Rickettsia Prowazekii",
    "rickettsia typhi": "Rickettsia Typhi",
    "rickettsiaceae": "Rickettsiaceae",
    "cegueira dos rios": "River Blindness",
    "rubéola": "Rubella",
    "amostra": "Sample",
    "amostragem": "Sampling",
    "hospital pediátrico": "Sanatorium For Children",
    "posto de saúde": "Sanitary Room",
    "poliovírus selvagem": "Savage Poliovirus",
    "escabiose": "Scabies",
    "escarlatina": "Scarlet Fever",
    "fissuração": "Schistasis; Fissuration",
    "esclerite": "Scleritis",
    "esclerose": "Sclerosis",
    "infecção secundária": "Secondary Infection",
    "excreção urinária": "Secretion Of Urine",
    "auto-medicação": "Self-Medication",
    "exame serológico": "Serogical Test",
    "teste serológico": "Serological Test",
    "diagnóstico serológico": "Serum Diagnosis",
    "doença sexualmente transmitida": "Sexually Transmitted Diseases",
    "drepanocitose": "Sickle Cell Anemia",
    "anemia de célula falciforme": "Sickle-Cell Anemia",
    "efeito colateral": "Side Effect",
    "efeito secundário": "Side Effect",
    "dose única": "Single Dose",
    "nódulo sinusal": "Sinus Node",
    "taquicardia sinusal": "Sinus Tachycardia",
    "cancro da pele": "Skin (Carcinoma Of)",
    "biópsia cutânea": "Skin Biopsy",
    "varíola": "Smallpox, Variola",
    "cegueira da neve": "Snow Blindness",
    "antigénio somático": "Somatic Antigen",
    "espasmo": "Spasm",
    "especialista": "Specialist",
    "imunidade específica": "Specific Immunity",
    "tratamento específico": "Specific Treatment",
    "esferocitose": "Spherocytosis",
    "esplenectomia": "Splenectomy",
    "espondilodiscite": "Spondylodiskitis",
    "aborto espontâneo": "Spontaneous Abortion",
    "esporogonia": "Sporogony",
    "pneumonia estafilocócica": "Staphylococcal Pneumonia",
    "esterilização": "Sterilization",
    "esteróide": "Steroid",
    "estetoscópio": "Stethoscope",
    "estomatite": "Stomatitis",
    "fezes": "Stool",
    "estirpe": "Strain",
    "dosagem": "Strength, Dosage",
    "demência subcortical": "Subcortical Dementia",
    "cirurgião": "Surgeon",
    "cirurgia": "Surgery",
    "drenagem cirúrgica": "Surgical Drainage",
    "vasculite sistémica": "Systemic Vasculitis",
    "sístole": "Systole",
    "pressão sistólica": "Systolic Pressure; Systolic Blood Pressure",
    "linfócitos t": "T cell",
    "taquicardia": "Tachycardia",
    "taquipneia": "Tachypnea",
    "proteína tau": "Tau Protein",
    "testosterona": "Testosterone",
    "tétano": "Tetanus",
    "tétano neonatal": "Tetanus Neonatorum; Tetanus Infantum",
    "toxóide tetânico": "Tetanus Toxoid",
    "vacina anti-tetânica": "Tetanus Vaccine",
    "dose terapêutica": "\tTherapeutic Dose",
    "terapêutica": "Thérapeutique",
    "terapeuta": "Therapeutist, Therapist",
    "terapia": "Therapy",
    "tratamento": "Therapy, Treatment",
    "trombocitopenia": "Thrombocytopenia; Thrombopenia",
    "trombocitose": "Thrombocytosis",
    "trombólise": "Thrombolysis",
    "trombose": "Thrombosis",
    "timo": "Thymus Gland",
    "tiroxina": "Thyroxine (T4)",
    "carraça": "Tick",
    "aedes aegypti": "Tiger Mosquito",
    "tomografia": "Tomography",
    "amigdalite": "Tonsilitis",
    "dose total": "Total Dose",
    "mastectomia total": "Total Mastectomy",
    "toxémia": "Toxemia",
    "hepatite tóxica": "Toxic Hepatitis",
    "toxicidade": "Toxicity",
    "efeito tóxico": "Toxicological Effect",
    "toxóide": "Toxoid",
    "toxoplasma": "Toxoplasma",
    "toxoplasmose": "Toxoplasmosis",
    "tracoma": "Trachoma",
    "transaminase": "Transaminase",
    "transfusão": "Transfusion",
    "transmissão": "Transmission",
    "transplantação": "Transplantation",
    "transudado": "Transudate",
    "trauma": "Trauma",
    "traumatismo": "Traumatism",
    "paragem cardíaca traumática": "Traumatic Arrest",
    "tricuríase": "Trichuriasis",
    "válvula tricúspide": "Tricuspid Valve",
    "diabetes tropical": "Tropical Diabetes",
    "doença tropical": "Tropical Disease",
    "tripanossomíase": "Trypanosomiasis",
    "prova tuberculínica": "Tuberculin Tests;",
    "tuberculoma": "Tuberculoma",
    "tuberculose": "Tuberculosis",
    "tuberculostático": "Tuberculostatic",
    "meningite tuberculosa": "Tuberculous Meningitis",
    "tularemia": "Tularemia",
    "tumefacção": "Tumefaction",
    "tumor": "Tumor",
    "célula tumoral": "Tumor Cell",
    "febre tifóide": "Typhoid Fever",
    "tifo": "Typhus",
    "úlcera": "Ulcer",
    "ulceração": "Ulceration",
    "colite ulcerosa": "Ulcerative Colitis",
    "nervo cubital": "Ulnar Nerve",
    "ultra-sonografia": "Ultrasonography",
    "radiação ultravioleta": "Ultrasounds – Ultraviolet Radiation",
    "uretra": "Urethra",
    "urocultura": "Urine Culture",
    "uveíte": "Uveitis",
    "vacinar": "Vaccinate",
    "vacinação": "Vaccination",
    "cartão de vacinação": "Vaccination Card",
    "calendário de vacinação": "Vaccination Schedule",
    "vacina": "Vaccine",
    "preservativo feminino": "Vaginal Contraceptive",
    "vaginite": "Vaginitis",
    "varicela": "Varicella, Chickenpox",
    "lesão vascular": "Vascular Lesion",
    "vascularização": "Vascularization",
    "vasculite": "Vasculitis",
    "vasoconstrição": "Vasoconstriction",
    "vasodilatação": "Vasodilation; Vasodilatation",
    "insecto vector": "Vector Insects",
    "doença venérea": "Veneral Disease",
    "trombose venosa": "Venous Thrombosis",
    "fibrilhação ventricular": "Ventricular Fibrillation (V-fib)",
    "vesícula": "Vesicle",
    "vesicular": "Vesicular",
    "vibrião": "Vibrio",
    "antigénio da cápside viral": "Viral Capsid Antigen",
    "hepatite viral": "Viral Hepatitis",
    "infecção viral": "Viral Infection",
    "pneumonia viral": "Viral Pneumonia",
    "viremia": "Viremia",
    "virologia": "Virology",
    "virose": "Virosis",
    "virulência": "Virulence",
    "vírus": "Virus",
    "vitrectomia": "Vitrectomy",
    "humor vítre<a href=\"ru5hw615037.html#18\">o</a>": "Vitreous Humour",
    "malária vivax": "Vivax Malaria",
    "vulvite": "Vulvitis",
    "intoxicação hídrica": "Water Intoxication",
    "fezes líquidas": "Watery Stools",
    "área de wernicke": "Wernicke's Area",
    "doença de whipple": "Whipple's Disease",
    "tumor de wilms": "Wilms' Tumor",
    "doença de wilson": "Wilson's Disease",
    "organização mundial de saúde (oms)": "World Health Organization (WHO)",
    "febre amarela": "Yellow Fever",
    "zoonose": "Zoonosis"
}