{
    "médico/médico": "médico, doctor",
    "médico assistente": "médico de planta",
    "estagiário": "interno, residente de primer año",
    "médico (mo)": "doctor en medicina",
    "colega médico": "médico investigador",
    "Estudante de medicina": "estudiante de medicina",
    "médico osteopata (fazer)": "doctor en osteopatía",
    "residente": "residente",
    "especialista": "especialista",
    "técnico de emergência médica": "técnico en emergencias médicas",
    "atendente de home care": "asistente de apoyo, domiciliario",
    "técnico de laboratório": "técnico de laboratorio",
    "parteira": "partera, comadrona",
    "enfermeira": "enfermero/a altamente especializada licenciado/a para formular o recetar o prescribir",
    "enfermeira certificada": "enfermero/a certificado",
    "Licença prática de enfermeira": "enfermero/a licenciado/a",
    "enfermeira registrada": "enfermero/a registrado/a",
    "enfermeira visitante": "enfermero/a domiciliario/a",
    "auxiliar de enfermagem": "asistente de enfermería",
    "pessoal": "personal",
    "assistente do médico (pa)": "asistente médico especializado",
    "fisioterapeuta": "fisioterapueta",
    "terapeuta ocupacional": "terapeuta ocupacional",
    "assistente social": "trabajador social, asistente social",
    "assistente social clínico (msw)": "trabajador social especializado en psicoterapia",
    "técnico": "técnico",
    "Conta representativa": "representante de cuentas",
    "admissões": "admisiones, ingresos",
    "admitir um paciente": "internar // hospitalizar // admitir a un paciente",
    "encontro": "cita",
    "conta": "cuenta, factura; volante; billete",
    "data de nascimento": "fecha de nacimiento",
    "cartão de visitas": "tarjeta de presentación",
    "cartão": "tarjeta",
    "caixa": "cajero",
    "crianças": "niños/as",
    "clínica": "clínica",
    "confidencial": "confidencial",
    "confidencialidade": "confidencialidad",
    "consultar": "consultar",
    "consulta": "consulta",
    "alta (um paciente)": "dar de alta (a un paciente)",
    "consultório médico": "consultorio/oficina del médico, del doctor",
    "elevador": "ascensor",
    "Comite de Ética": "comité ético",
    "saída": "salida",
    "fé": "fe",
    "ter fé": "tener fe",
    "família": "familia",
    "preencher (formulários)": "rellenar/llenar (formularios)",
    "seguir compromisso": "cita de seguimiento o de control",
    "amigos": "amigos/as",
    "Recepção": "mesa del frente, mesa principal, mostrador",
    "casa funerária": "funeraria",
    "Deus": "dios",
    "procurador de cuidados de saúde": "poder médico, de salud, reglamento de la atención médica o persona apoderada",
    "plano de saúde": "seguro médico, seguro de salud",
    "organização de manutenção da saúde (hmo)": "hmo (organización para la administración de la salud)",
    "altura": "estatura",
    "história": "historia, historial",
    "hospício": "hospicio especializado en cuidado terminal o para pacientes desahuciados o sin esperanza de vida",
    "hospital": "hospital",
    "unidade de Tratamento Intensivo": "unidad de cuidados intensivos",
    "intérprete": "intérprete",
    "consentimento informado": "consentimiento informado",
    "consentir": "consentir",
    "internação": "cuidado/atención de pacientes internos",
    "cartão de seguro": "tarjeta del seguro",
    "companhia de seguros": "compañía de seguros",
    "trabalho": "parto",
    "quilograma": "kilo, kilogramo",
    "conhecimento": "cognición",
    "trabalho e indústria": "trabajo e industria",
    "laboratório": "laboratorio",
    "testamento vital": "testamento",
    "salão": "recepción, vestíbulo",
    "cuidados gerenciados": "sistema de administración de salud",
    "refeição": "comida",
    "ficha médica": "récord, archivo o historial médico/tabla médica",
    "histórico médico": "historial médico",
    "registros médicos": "informes/archivos médicos",
    "hospital psiquiátrico": "hospital mental, hospital psiquiátrico",
    "necrotério": "morgue, mortuorio",
    "descendente": "parientes más cercanos, parientes más próximos",
    "casa de repouso": "asilo, ancianato, hogar de ancianos donde se presta atención o cuidado médico",
    "atendimento ambulatorial": "cuidado/atención a pacientes externos",
    "panfleto": "panfleto, folleto",
    "paciente": "paciente",
    "defensor do paciente": "abogado, defensor or representante del paciente",
    "declaração de direitos do paciente": "carta de declaración de los derechos del paciente",
    "pagamento": "pago",
    "por favor": "por favor; complacer (vb.)",
    "privacidade": "privacidad",
    "formulário de consentimento do procedimento": "formulario de consentimiento de procedimiento",
    "Enfermaria psiquiátrica": "sala de psiquiatría",
    "parentes": "parientes",
    "banheiro": "sevicio, baño, cuarto de baño, aseo, w.c.",
    "abrigo": "asilo, amparo, refugio, abrigo",
    "mulheres": "para mujeres",
    "morador de rua": "para indigentes, los sin hogar, los sin techo,",
    "Sala de espera": "sala de espera",
    "ambulatório": "ambulatorio, clínica de urgencias",
    "bem-estar": "bienestar o asistencia social",
    "compensação do trabalhador": "compensación a los trabajadores",
    "lesão relacionada ao trabalho": "accidente laboral, accidente de trabajo",
    "liberação de trabalho": "relevo del trabajo/exención del trabajo",
    "trabalhadores": "personal, plantilla, mano de obra; población activa de un país",
    "externo": "externas",
    "cabeça e pescoço": ":",
    "cabeza y cuello": "cheek",
    "mejilla, cachete, moflete, carrillo": "chin",
    "barbila": "cornea",
    "córnea": "cranium",
    "crânio": "cráneo",
    "dentina, marfil": "ear (internal/external)",
    "oreja, oído": "eardrum",
    "tímpano": "ear canal",
    "canal do ouvido": "ear lobe",
    "lóbulo do ouvido": "eye",
    "ojo": "eyelash",
    "pestana": "eyebrows",
    "cejas": "eyelids",
    "párpados": "forehead",
    "frente": "gums",
    "encías": "hair",
    "pelo, cabello": "incisor",
    "incisivo": "jaw",
    "mandíbula": "lip",
    "lábio": "labio",
    "lábio inferior": "molar",
    "muela, molar": "mouth",
    "boca": "nape",
    "cogote, nuca": "nose",
    "nariz": "nose-bridge",
    "puente nasal, de la nariz": "nostril",
    "ventana o agujero de la nariz": "orthodontia",
    "ortodontia": "ortodoncia",
    "paladar": "scalp",
    "cuero cabelludo": "sputum",
    "saliva, esputo": "taste buds",
    "papilas gustativas": "teeth",
    "dientes": "throat",
    "garganta": "tongue",
    "língua": "temple",
    "sien": "upper lip",
    "lábio superior": "uvula",
    "úvula": "wisdom tooth",
    "muela del juicio, muela cordal": "trun",
    "null": ")",
    "abdômen": "abdomen",
    "abdominal": "menstrual",
    "axila": "axila, sobaco",
    "voltar": "espalda",
    "umbigo/umbigo": "ombligo",
    "busto": "busto, pecho",
    "peito": "pecho",
    "virilha": "ingle",
    "cotovelo": "codo",
    "dedo": "dedo (de la mano)",
    "unha da mão": "uña (de la mano)",
    "flanco": "flanco, lado, costado",
    "mão": "mano",
    "quadris": "caderas",
    "a articulação do quadril": "articulación/coyuntura de la cadera",
    "membro": "miembro,e extremidad",
    "mamilo": "pezón",
    "órgão": "órgano",
    "Palma": "palma",
    "quadrante": "cuadrante",
    "ombro": "hombro",
    "articulação do ombro": "articulación/coyuntura del hombro",
    "lado": "costado, lado",
    "pele": "piel",
    "dedão": "pulgar",
    "cintura": "cintura",
    "pulso": "pus",
    "corpo lento": "parte inferior del cuerpo:",
    "tornozelo": "tobillo",
    "ânus": "ano",
    "arco do pé": "arco del pie",
    "bola do pé": "antepié",
    "nádega": "nalga",
    "bezerro/bezerros": "pantorrilla/s",
    "joelho": "rodilla",
    "área genital": "area/zona genital",
    "genitália": "genitales",
    "calcanhar do pé": "talón",
    "região inguinal": "ingles, región inguinal",
    "parte inferior das costas/lombar": "lumbares, zona inferior de la espalda",
    "pélvis": "pelvis",
    "períneo": "perineo",
    "reto": "recto",
    "canela": "espinilla",
    "coxa": "muslo",
    "dedo do pé": "dedo del pie",
    "unha do pé": "uña (del pie)",
    "interno": "internista",
    "cabeça e pescoço:": "cabeza y cuello:",
    "fissura cerebral": "cisura cerebral",
    "tronco cerebral": "tronco cerebral",
    "fluido espinal cerebral": "líquido cefalorraquídeo, líquido cerebro-espinal",
    "conjuntiva (do olho)": "conjuntiva (del ojo)",
    "epiglote": "epiglotis",
    "glândula": "glándula",
    "hipotálamo": "hipotálamo",
    "íris": "iris",
    "laringe": "laringe",
    "lente do olho": "cristalino; lente del ojo",
    "muco": "moco",
    "nervo óptico": "nervio óptico",
    "catarro": "catarro",
    "faringe": "faringe",
    "glândula pituitária": "glándula pituitaria",
    "pupila do olho": "pupila",
    "retina": "retina",
    "saliva": "saliva",
    "Glândula salivar": "glándula salivar",
    "seio": "senos",
    "canal lacrimal": "conducto lacrimal",
    "glândula lacrimal": "glándula lacrimal",
    "lágrimas": "lágrimas",
    "timo": "timo",
    "tireoide": "tiroides",
    "tecido": "tejido",
    "amídala": "amígdala, tonsila",
    "traquéia": "tráquea",
    "Cordas vocais": "cuerdas vocales",
    "cera (orelha)": "cera, cerumen (oído)",
    "porta-malas:": "tronco",
    "glândulas supra-renais": "glándulas adrenales",
    "vias aéreas": "vías respiratorias",
    "alvéolo": "alvéolo",
    "aorta": "aorta",
    "apêndice": "apéndice",
    "artéria": "arteria",
    "artéria carótida": "arteria carótida",
    "artéria coronária": "arteria coronaria",
    "artéria femoral": "arteria femoral",
    "artéria pulmonar": "arteria pulmonar",
    "arteríolas": "arteriolas",
    "átrio": "atrio",
    "espinha dorsal": "espinazo, columna vertebral",
    "bílis": "bilis",
    "bexiga": "vejiga",
    "veias de sangue": "vasos sanguíneos",
    "osso": "hueso",
    "intestino": "intestino",
    "brônquio": "bronquio",
    "brônquios": "bronquios",
    "bronquíolos": "bronquiolos",
    "capilar": "capilar",
    "cartilagem": "cartílago",
    "clavícula (clavícula)": "clavícula",
    "cóccix": "cóccix, coxis",
    "cólon": "colon",
    "diafragma": "diafragma",
    "dutos": "conductos",
    "esôfago": "esófago",
    "fíbula": "fíbula / peroné",
    "vesícula biliar": "vesícula biliar",
    "gânglio": "ganglio",
    "coração": "corazón",
    "válvula cardíaca": "válvula cardiaca",
    "articulação": "articulación, junta, juntura",
    "cápsula articular": "cápsula articular",
    "rim": "riñón",
    "intestino grosso": "intestino grueso",
    "fígado": "hígado",
    "lóbulos": "lóbulos",
    "pulmões": "pulmones",
    "linfa": "linfa",
    "glândula linfática": "glándula linfática",
    "gânglios linfáticos": "nódulos linfáticos",
    "sistema linfático": "sistema linfático",
    "músculo": "músculo",
    "músculo cardíaco": "músculo cardiaco",
    "miocárdio": "miocardio",
    "nervo": "nervio",
    "órgãos": "órganos",
    "pâncreas": "páncreas",
    "peitoral": "pectorales",
    "alvéolos pulmonares": "alvéolos pulmonares",
    "fibras de Purkinje": "fibras de purkinje",
    "costelas": "costillas",
    "omoplata": "escápula/omoplato",
    "nó sinoatrial (nó sa)": "nódulo sinoatrial",
    "intestino delgado": "intestino delgado",
    "esfíncter": "esfínter",
    "medula espinhal": "médula espinal",
    "disco espinhal": "disco espinal",
    "coluna": "espina",
    "baço": "bazo",
    "esterno": "esternón",
    "estômago": "estómago",
    "tíbia": "tibia",
    "ureter": "uréter",
    "uretra": "uretra",
    "urina": "orina",
    "válvula": "válvula",
    "válvula aórtica": "válvula aórtica",
    "válvula atrioventricular (válvula av)": "válvula atrioventricular",
    "valvula pulmonar": "válvula pulmonar",
    "veia": "vena",
    "vênulas": "vénulas",
    "ventrículo do coração": "ventrículo cardiaco",
    "vértebra/coluna vertebral": "vertebra / columna vertebral",
    "ligamento": "ligamento",
    "patela/rótula": "rótula",
    "cápsula sinovial": "cápsula sinobial",
    "tendão": "tendón",
    "macho": "varones",
    "epidídimo": "epididimo",
    "prepúcio": "prepucio",
    "pênis": "pene",
    "próstata": "glándula prostática",
    "escroto": "escroto",
    "sêmen": "semen",
    "vesícula seminal": "vesícula seminal",
    "tubo seminífero": "túbulos seminíferos",
    "esperma": "esperma",
    "testículo": "testículo",
    "canal deferente": "vasos deferentes",
    "fêmea": "mujeres",
    "auréola": "aureola",
    "seios": "seno, mama, pecho, busto",
    "colo do útero": "cerviz, cérvix",
    "clitóris": "clítoris",
    "endométrio": "endometrio",
    "trompa de Falópio": "trompas de falopio",
    "hímen": "himen",
    "ovário": "ovario",
    "óvulo": "huevo, óvulo",
    "útero": "útero, matriz",
    "vagina": "vagina",
    "vulva": "vulva",
    "abrasão": "abrasión",
    "Abuso": "abuso, maltrato",
    "abscesso": "absceso, flemón",
    "abscesso de dente": "absceso de un diente",
    "acidez": "acidez",
    "acidente": "accidente",
    "reação alérgica": "reacción alérgica",
    "local": "lugar, sitio",
    "sistêmico": "reacción sistémica",
    "angústia": "angustia, congoja",
    "apetite (perda de)": "apetito (pérdida de)",
    "episódio asmático": "episodio asmático",
    "ataque": "ataque",
    "ter um ataque": "tener un ataque",
    "bolsas (sob os olhos)": "bolsas",
    "bater (abuso)": "golpe (abuso)",
    "espancamento": "paliza, golpiza",
    "percevejo": "chinche",
    "arroto": "eructo",
    "arrotar": "eructar",
    "crença": "creencia",
    "sistema de crença": "sistema de creencias",
    "enfeitiçado": "embrujado/a",
    "morder": "mordedura, picadura, mordisco",
    "de um animal": "de un animal",
    "de um inseto": "de un insecto",
    "marca de nascença": "marca de nacimiento",
    "cravo": "espinilla, poro, punto negro",
    "sangrar": "sangrar",
    "sangramento": "sangrando, sangrante",
    "cegueira": "ceguera",
    "bolha": "ampolla",
    "fazer bolhas": "ampollar, ampollarse",
    "inchado": "hinchado, inflamado",
    "sangrento": "sangrante, sangriento",
    "golpe (golpe no corpo)": "un golpe",
    "visão embaçada": "visión borrosa",
    "evacuação": "movimientos intestinales",
    "ter um movimento intestinal": "defecar, tener un movimiento intestinal",
    "respiração": "retention",
    "respirando": "respiración",
    "respiração rápida": "respiración rápida",
    "respirar": "respirar",
    "respire": "respirar, tomar un respiro",
    "quebrado": "roto",
    "hematoma": "moradura, moratón, moretón, cardenal, magulladura",
    "acumular": "acumulación, intensificación, aumento",
    "queimar": "quemar (v.), quemadura (n)",
    "arrotando": "eructando",
    "calo": "callo",
    "aperto no peito": "tensión, presión en el pecho, pecho apretado",
    "arrepios": "escalofrío/s",
    "estrangular": "ahogar(se), asfixiar(se), estrangular, atascar,",
    "obstruir, atragantar(se)": "congested",
    "congestionado/a": "congestion",
    "congestionamento": "constipated",
    "estreñido/a": "constipation",
    "estreñimiento": "cough",
    "para% s": "nagging cough",
    "tos persistentes, crônica": "coughing with blood",
    "tos con sangre, escupir sangre": "unexplainable cough",
    "tos inexplicable, sin explicación": "convulse",
    "convulsionar": "convulsions",
    "convulsões": "convulsiones",
    "retortijón, calambre, rampa, molestia menstrual": "abdominal",
    "menstrual": "muscular",
    "muscular": "menstrual",
    "aplastado, magullado, machado": "cut",
    "cortado, cortado": "damage",
    "daño, perjuício": "dark rings under the eyes",
    "ojeras": "deafness",
    "sodera": "deep (wound)",
    "herida profunda": "defecate",
    "defecar": "dehydrated",
    "desidratado": "depressed",
    "deprimido": "diarrhea",
    "diarreia": "difficulty",
    "dificultado": "digestion",
    "digestão": "discharge",
    "baixar, fluir": "dislocated",
    "deslocado": "dizzy",
    "mareado": "to become dizzy",
    "marearse": "dizziness",
    "mareo": "double vision",
    "visão dupla": "drowsiness",
    "sonolência": "dryness",
    "sequedad, resequedad": "dyspnea",
    "dispnéia": "disnea",
    "dor de ouvido": "earwax",
    "cera (del oído)": "evil eye",
    "mal de ojo": "episodically",
    "episódicamente": "faint",
    "débil (adj.), desmaio (n.)": "to feel faint",
    "debilitar-se; desfalecimento; sentirse que se va a desmayar": "fainting",
    "desmaio": "fatigued",
    "fatigado": "fester",
    "úlcera, llaga, pústula (n); enconarse, pudrirse,": "supurarse, ulcerarse",
    "febre": "fiebre",
    "febril": "febril",
    "gripe": "influenza, gripe, gripa",
    "sintomas como os da gripe": "síntomas como de gripa (influenza)",
    "fratura": "fractura",
    "fraturar": "fracturarse",
    "sarda": "peca",
    "frequência": "frecuencia",
    "freqüente": "frecuente",
    "freqüentemente": "frecuentemente",
    "amedrontar": "asustar, espantar",
    "congeladas": "congelar, helar",
    "cheio de gás": "lleno de gas",
    "germes": "gérmenes",
    "infecção gengival": "infección de las encías",
    "dor de cabeça": "transmission",
    "azia": "acidez",
    "Problema cardíaco": "enfermar del corazón, problemas cardiacos",
    "rouquidão": "ronquera, afonía",
    "hipersensibilidade": "hipersensibilidad",
    "indigestão": "indigestión",
    "para obter indigestão": "tener una indigestión",
    "infecção": "infección",
    "infectar": "infectar",
    "infetado": "infectado",
    "ferir": "herir, dañar, lastimar, perjudicar",
    "ferido": "herido",
    "ferida": "herida, lesión, daño; agravio",
    "insônia": "insomnio",
    "relação sexual": "coito, relaciones sexuales con penetración",
    "gases intestinais": "gases intestinales",
    "embriagado": "intoxicado por drogas o alcohol",
    "pulso irregular": "pulso irregular",
    "irritação": "irritación, picor",
    "coceira": "comezón, picazón, rasquiña",
    "irregular": "dentado, mellado",
    "ansioso": "ansioso/a",
    "nervoso": "nervioso/a",
    "lesão": "lesión",
    "flácido": "cojera",
    "mancar": "cojear",
    "perder": "perder",
    "perder consciência": "perder la conciencia o el conocimiento, quedar inconsciente",
    "perda de visão": "pérdida de la visión",
    "caroço": "bulto, bola, chichón, hinchazón, abultamiento",
    "desnutrido": "understandable",
    "massa": "masa",
    "masturbação": "marturbación",
    "enxaqueca": "migraña",
    "mente": "mente",
    "milagre": "milagro",
    "mofo": "hongo / musgo",
    "alteração de humor": "cambio de humor",
    "mosquito": "mosquito",
    "sesta": "siesta",
    "náusea": "náusea",
    "necrose": "necrosis",
    "nódulo": "nódulo",
    "sangramento nasal": "sangrado de nariz",
    "dormente": "entumecido",
    "tornar-se entorpecido por inativação": "entumecerse por no moverse, por falta de actividad",
    "dormência": "entumecimiento, adormecimiento",
    "ferida aberta": "llaga abierta",
    "escorrendo": "rezumando, rezumante, exudante",
    "clímax": "climax",
    "orgasmo": "orgasmo",
    "sem fôlego": "sin aliento, sin respiración",
    "dor (": ")",
    "dor": "pale",
    "pálido/a": "palpitation",
    "palpitação": "paralysis",
    "paralisia": "pass out",
    "desmaiar": "perspire",
    "sudar, transpirar, transpirar": "perspiration",
    "sudoração, transpiração, transpiração": "plugged ear",
    "oído entaponado / tapado": "prick (hurt)",
    "pinchazo, punzada": "pruritus",
    "prurito / comezón / picazón": "pulse",
    "pus": "pustule",
    "pústula": "pyorrhea",
    "piorrea": "quake",
    "tremor": "quarrel",
    "disputa, peleia": "queasy",
    "delicado, débil, remilgado": "quick",
    "rápido": "quiet",
    "silêncio, silêncio": "recurrent",
    "recorrente": "sharp pain",
    "reprodução": "respiration",
    "retenção": "rhonchous lung sounds",
    "sonidos roncos del pulmón": "rhythm",
    "ritmo": "rough",
    "áspero, tosco, grosero, rudo": "runny nose",
    "nariz que gotea, que moquea, nariz mocosa": "rupture",
    "ruptura": "ruptured",
    "roto, quebrado": "scorpion",
    "escorpião": "scratch (injury)",
    "rascadura, rascón, arañazo, rasguño, marca, señal, raspadura": "to scratch",
    "rascarso": "secrete",
    "secretário": "secretion",
    "secreção": "seizures",
    "sensível, sensível": "sex",
    "sexo": "anal sex",
    "sexo anal": "oral sex",
    "sexo oral": "vaginal sex",
    "sexo vaginal": "intercourse",
    "penetração, coito": "foreplay",
    "jogos preliminares": "sexual activity",
    "atividade sexual": "sexual relations",
    "relações sexuais": "sexual partners",
    "pareja sexual": "sexually active",
    "sexualmente ativo": "shiver",
    "temblar": "shock (fright)",
    "choque, sobresalto": "shortness of breath",
    "falta de respiração": "smoke",
    "humor": "humor",
    "fumar": "second-hand smoke",
    "humor de tabaco de segunda mão": "snake",
    "serpiente, culebra": "sneeze",
    "estonudar": "sore throat",
    "garganta irritada, dor de garganta": "spasm (of a muscle)",
    "espasmo (muscular)": "spicy foods",
    "comidas picantes": "spider",
    "Araña": "black widow spider",
    "Araña viuda negra": "spit",
    "escupitajo, gapo, saliva, esputo": "to spit",
    "escupir": "splinter",
    "astilla": "spread",
    "diseminación, propagación, extensión, difusión (n.), extender, esparcir, propagar, diseminar (vb.)": "stiffness",
    "resistente, dureza, agarrotamiento, entumecimiento": "sting (of an insect)",
    "picadura, aguijonazo, aguijón": "to sting",
    "picar, agujonear; escolher": "strain",
    "tensão, pressão; torcedura, esguincho": "strained muscle",
    "esguicho; músculo distendido": "stuffed",
    "pimenta; disecado": "stuffed up",
    "con la nariz tapada, estar congestionado o acatarrado": "suffocate",
    "sofocar": "swallow",
    "tragar": "sweat",
    "sudor": "night sweat",
    "sudor noturno": "to sweat",
    "sudar": "swell",
    "hinchazón, bulto": "to swell",
    "hincharse, inflar, abultar, aumentar": "swelling",
    "hinchando": "swollen",
    "hinchado, inflado, inflamado": "symptom",
    "sintoma": "symptomatic",
    "sintomático": "teary/watery eyes",
    "olhos llorosos": "temperature",
    "temperatura, fibra": "tense",
    "tenso, tieso": "to tense up",
    "tensor, tensor": "tension",
    "tensão": "thirst (excessive)",
    "sed (excessivo)": "tick (insect)",
    "garrapata": "tightness",
    "tensão, tirantez // estrechez": "tingling",
    "cosquilleo, hormigueo": "tired",
    "cansado/a": "tiredness",
    "cansancio": "toothache",
    "transmissão": "airborne transmission",
    "transmissão pelo ar": "undernourished",
    "compreensível": "to understand",
    "entender, compreender": "unwanted",
    "não deseado, indeseable": "urinate",
    "orinar": "it hurts to urinate",
    "duelo al orinar": "urination (excessive)",
    "orinar (excessivo)": "vision",
    "visão": "vomit",
    "vomitar": "vomiting",
    "vômito": "weak",
    "débil": "weakness",
    "debilidade": "weight fluctuations",
    "flutuações de peso": "weight loss",
    "pérdida de peso": "well-hydrated",
    "bem hidratado": "wheeze",
    "resuello, ruidoso, respiração violenta ou con silbido": "wheezing",
    "resollando como haciendo un silbido, respire con silbido o pito, sibilancia": "withdrawal",
    "retirada, abandono": "worry",
    "preocupação": "to worry",
    "preocupar-se": "wound",
    "herida": "a stab of pain (sudden, brief pain)",
    "dolor que traspasa, que apuñala, una picada (dolor repentino breve)": "aches (continuous dull pain)",
    "dores": "to ache",
    "doente": "burning sensation",
    "sensação de quemadura, de quemazón, de ardor": "chronic pain",
    "dor crônica": "cramp",
    "calambre, rampa, tiron": "muscle",
    "menstrual, dor de ovário, cólico": "stomach",
    "estomacal": "comes and goes",
    "viene y se va": "constant, persistent",
    "constante, persistente": "dull pain (not intense or sharp)",
    "dor sordo / extendido": "excruciating (extremely painful)",
    "dolor agudísimo, extremo, insoportável; dolorossísimo": "generalized pain",
    "dor generalizada": "hurts",
    "duelo": "intense",
    "intenso": "intermittent pain",
    "dor intermitente": "localized pain",
    "dor localizada": "minor",
    "menor, mínimo": "on and off",
    "a intervalos, de vez em quando": "painful",
    "dolorosa": "pins and needles",
    "aguijonazos, hormigueos": "recurring",
    "dor aguda, dor pungente": "shooting pain (pain shot up my leg)",
    "dor punzante": "smarts (sharp, local pain; usually superficial)",
    "punzada, picada, mordida": "sore",
    "dolorido, adolorido, inflamado, ressentido, irritado (adj.); llaga, úlcera (n.)": "soreness",
    "dor, inflamação, irritação": "splitting (headache)",
    "forte, violento (follow de cabeza)": "sting",
    "picazón, dolor agudo, escozor (n.) // picar, pinchar, punzar (vb.)": "tender (painfully sensitive)",
    "adorado, sensato": "throbbing pain (beating with rapidity or force)",
    "palpitante": "unbearable",
    "inaguantável, insoportável": "biopsy",
    "biopsia": "blood pressure reading",
    "Medição da pressão sanguínea": "blood",
    "sangue": "a pint",
    "uma pinta": "antibody",
    "anticuerpo": "antigen",
    "antígeno": "blood bank",
    "banco de sangue": "blood clot",
    "coágulo de sangue": "blood count",
    "recuento globular, recuento sanguíneo": "blood donation",
    "doação de sangue": "blood glucose levels",
    "níveis de glicose no sangue": "blood glucose reading",
    "medição dos níveis de glicose": "blood match (blood grouping",
    "compatibilidade sanguínea, aparejamiento/ agrupamiento sanguíneo": "blood plasma",
    "plasma sanguíneo": "blood test",
    "exame de sangue, de sangue": "blood type",
    "grupo/tipo sanguíneo": "b-lymphocytes (b-cells)",
    "linfocitos b (células b)": "bone marrow",
    "médula ósea": "cd4 cells/cd4 count",
    "células cd4, recuento de cd4": "clotting factors",
    "fatores de coagulação": "fibrin",
    "fibrina": "hematologist",
    "hematólogo": "hemoglobin",
    "hemoglobina": "hemoglobina",
    "leucócitos": "mean (statistic)",
    "mídia (estadística)": "range",
    "rango": "red blood cells",
    "glóbulos vermelhos, hematomas": "samples",
    "muestras": "seroconversion",
    "soroconversão": "serology",
    "sorologia": "serum",
    "suero": "td (median toxic dose)",
    "dt (dose tóxica média)": "titer",
    "título, valor": "t-lymphocytes (t-cells)",
    "linfocitos t (células t)": "white blood cells",
    "glóbulos brancos, leucócitos": "transfusion",
    "transfusão": "viral load",
    "carga viral": "bone marrow transplant",
    "transplante de medula ósea": "bone scan",
    "tomografia del hueso (ósea)": "bronchoscopy",
    "broncoscopia": "catherization",
    "restauração": "catherize",
    "abastecer": "cauterization",
    "cauterização": "cauterize",
    "cauterizar": "check-up",
    "verificar, verificar": "circumcision",
    "circuncisão": "colposcopy",
    "colposcopia": "colposcopía",
    "exame físico completo": "computed tomography (ct scan)",
    "tomografia computadorizada, computada (escáner ct), ct, tac": "curettage",
    "raspado, curetagem": "conization",
    "conização": "cytology",
    "citologia": "cytoscopy",
    "cistoscopia": "diagnose",
    "diagosticar": "diagnosis",
    "diagnóstico": "dilation and curettage (d&amp;c)",
    "dilatação e raspagem": "echocardiogram (echo)",
    "ecocardiograma/ ecocardiografia": "electrocardiogram (ekg)",
    "eletrocardiograma/fía (ekg)": "electroencephalogram (eeg)",
    "eletroencefalograma/fía (eeg)": "electromyogram (emg)",
    "eletromiograma/fía (emg)": "elisa test for hiv",
    "exame de elisa para a detecção do vih": "endoscopy",
    "endoscopia": "exam",
    "examen, prueba, análisis": "excision",
    "excisão": "exercise tolerance test",
    "teste de tolerância física": "false negative",
    "falso negativo // negativo falso": "false positive",
    "falso positivo // positivo falso": "fast plasma glucose test (fpg)",
    "teste de glicose no plasma em ayunas": "filling (for tooth)",
    "empaste (dental)\\": "fluorescence microscopy",
    "microscopia fluorescente": "fluoroscopy",
    "fluoroscopia": "gastroscopy",
    "gastroscopia": "glucose meter",
    "glicosímetro": "gown (clinical/hospital)",
    "bata": "holter monitor",
    "monitor de ritmo cardíaco": "hiv (human immuno-deficiency virus) test",
    "test del vih (vírus da imunodeficiência humana)": "incision",
    "incisão": "incisión",
    "pielograma intravenoso": "laboratory test",
    "exame de laboratório": "laparoscopic prostatectomy",
    "prostatectomia laparoscópica": "laser photocoagulation",
    "fotocoagulação por laser": "laser surgery",
    "cirurgia laser": "lithotripsy",
    "litipsia, litolapaxia": "lubricate",
    "lubrificado/a": "lumbar/cervical roll",
    "almohada, almohadilla cervical, lombar": "lumbar puncture",
    "punção lombar": "drenaje espinal",
    "teste da função pulmonar": "magnetic resonance imaging (mri)",
    "ressonância magnética nuclear (rmn)": "mammogram",
    "mamograma": "mammography",
    "mamografia": "mamografía",
    "irrigação nasal": "needle aspiration biopsy",
    "biopsia por aspiração com agulha": "nerve-sparing prostatectomy",
    "prostatectomia preservadora do nervo": "observation",
    "observação": "operate",
    "operar": "operation",
    "operação": "oral glucose tolerance test",
    "teste oral de tolerância à glicose": "ova and parasite test",
    "prueba de huevos y parásitos": "pap smear",
    "papanicolau, citología": "smear",
    "frotis": "pathologist",
    "patólogo": "positron emission tomography (pet)",
    "tomografia por emissão de positrones": "ppd (purified protein derivative)",
    "proteína derivada purificada": "prescribe",
    "recetar, prescrever": "prostate-specific antigen blood test (psa)",
    "teste de sangue do antígeno prostático específico": "pulmonary function test",
    "avaliação da função pulmonar": "question",
    "pergunta, pergunta": "radical prostatectomy",
    "prostatectomia radical": "rapid plasma reagin (rpr)",
    "teste reagínico plasmático rápido": "rectal exam",
    "exame do reto": "digital rectal exam",
    "exame retal digital": "release",
    "dar de alta": "renal dialysis",
    "diálise renal": "resection",
    "ressecção": "root canal",
    "endodontia, tratamento de condutos": "run a test",
    "fazer um exame, levar a cabo um exame": "screening tests",
    "exames de detecção": "screening (screening the population)",
    "reconhecimento": "semen analysis",
    "análise seminal": "serological test",
    "teste sorológico": "skin allergy testing",
    "pruebas de alergias de la piel": "sonogram",
    "sonograma / ecografia": "specimen",
    "espécimen, muestra, modelo": "sphygmomanometer",
    "esfigmomanômetro": "spirometry",
    "espirometria": "sterilization",
    "esterilização": "sterilize",
    "esterilizar": "stick out the tongue",
    "sacar a língua": "stool sample/specimen",
    "mostra de la materia fecal, del excremento": "stomach pump",
    "bomba estomacal, lavativa": "survey",
    "estudio, examen, reconocimiento, encuesta": "test",
    "exame": "test strip",
    "tira de detecção, tira": "temperature reading",
    "medição da temperatura": "oral",
    "oral": "anal",
    "anal": "throat/wound culture",
    "cultivo da garganta, de uma ferida": "thyroid image",
    "imagem tiroidea": "tonometry",
    "tonometria": "tourniquet",
    "torniquete": "tsh (thyroid stimulating hormone) assay",
    "estudio de la hormona estimuladora de la tiroides": "tuberculin test",
    "teste de la tuberculina": "turn over",
    "voltar, voltar, darse la vuelta": "ultrasound",
    "ecografia/ ultrassonido/ ecocardiografia": "focused unltrasound surgery (fus)",
    "cirurgia de ultrassom enfocado": "high intensity focused ultrasound (hifu)",
    "ultrassom enfocado de alta intensidade": "therapeutic ultrasound",
    "ultrasonido terapéutico": "undress",
    "desvestir, desnudar": "upper gi series",
    "seriada gastrointestinal": "urinalysis",
    "urinálise, análise de la orina": "urine test",
    "exame de la orina": "visual fields examination",
    "exame do campo visual": "x-ray",
    "radiografia/ raios x": "chest x-ray",
    "radiografia do pecho": ":",
    "comadre": "orinal, cuña, silleta",
    "braçadeira": "grapa, tirante, tensor, abrazadera",
    "bengala": "bastón",
    "cateter": "catéter",
    "muletas": "muletas",
    "cureta": "cureta, raspador",
    "cistoscópio": "cistoscopio",
    "endoscópio": "endoscopio",
    "medidor de vazão": "metro para medir el flujo, el fluído",
    "fluoroscópio": "fluoroscopio",
    "almofada de aquecimento": "almohadilla de calor, almohada eléctrica",
    "agulha hipodérmica": "aguja hipodérmica",
    "laparoscópio": "laparoscopio",
    "laço": "lazo // presilla, anilla, abrazadera",
    "mercurocromo": "mercuriocromo",
    "metro": "metro",
    "microscópio": "microscopio",
    "agulha/seringa": "jeringuilla // jeringa",
    "protetor de tomada": "protector de salida",
    "medidor de fluxo máximo": "medidor de flujo máximo",
    "bombas": "escarpines, zapatillas // bombas",
    "estetoscópio": "estetoscopio",
    "termômetro": "termómetro",
    "diapasão": "diapasón",
    "pinça": "pinzas, tenacillas",
    "andador": "andador",
    "cadeira de rodas": "silla de ruedas",
    "anormal": "anormal",
    "acne": "acné",
    "condição aguda": "enfermedad/ afección/ condición aguda/grave",
    "vício": "adicción",
    "AIDS (síndrome de imunodeficiência adquirida)": "sida (síndrome de inmunodeficiencia adquirida)",
    "abuso de álcool": "abuso de alcohol",
    "abstinência alcoólica": "abstinencia del alcohol",
    "alcoolismo": "alcoholismo",
    "alergia": "alergia",
    "alérgeno": "alérgeno",
    "anemia": "anemia",
    "anêmico": "anémico/a",
    "aneurisma": "aneurisma",
    "arritmia": "arritmia",
    "aterosclerose": "aterosclerosis",
    "artrite": "artritis",
    "asma": "asma",
    "asma intermitente leve": "asma leve intermitente",
    "asma persistente leve": "asma leve persistente",
    "asma persistente moderada": "asma moderada persistente",
    "asma persistente grave": "asma severa persistente",
    "asmático": "asmático",
    "assintomático": "asintomático",
    "doença auto-imune": "enfermedad autoimmune",
    "vaginose bacteriana (bv)": "vaginosis bacteriana",
    "hiperplasia prostática benigna (bph)": "hiperplasia prostática benigna",
    "disfunção intestinal": "disfunción intestinal",
    "quebrar (v)": "descomponer",
    "bronquite": "bronquitis",
    "Câncer": "cáncer",
    "cavidade (dentária)": "cavidad (dental)",
    "cancro": "chancro",
    "condição crônica": "estado crónico",
    "clamídia": "clamidia",
    "aterias entupidas": "arterias obstruídas",
    "frio (doença)": "resfriado, catarro",
    "afta": "herpes labial, llaga labial",
    "daltonismo": "daltonismo",
    "transmissível": "contagioso/a",
    "infeccioso": "infeccioso",
    "aleijado": "lisiado, tullido",
    "cisto": "quiste",
    "fibrose cística": "fibrosis quística",
    "desvio de septo": "tabique (septum) nasal desviado",
    "diabetes": "diabetes",
    "início adulto": "principio en edad adulta",
    "infância": "niñez",
    "diabetes tipo 1": "diabetes tipo 1",
    "Diabetes tipo 2": "diabetes tipo 2",
    "nefropatia diabética": "nefropatía diabética",
    "difteria": "difteria",
    "incapacidade": "invalidez, minusvalía, discapacidad, incapacidad, inhabilidad",
    "carcinoma ductal": "carcinoma ductal",
    "dislexia": "dislexia",
    "disenteria": "disentería",
    "disúria": "disuria",
    "edema": "edema",
    "carcinoma de células embrionárias": "carcinoma celular embrional",
    "epilepsia": "epilepsia",
    "disfunção erétil/cumprimento": "disfunción, complicación eréctil",
    "falha (contexto médico)": "fallo, insuficiencia (contexto médico)",
    "bolha de febre": "ampolla de fiebre en los labios, herpes labial",
    "intoxicação alimentar": "intoxicación",
    "fungo": "hongos",
    "penugem": "vello, pelusa",
    "pedra na vesícula": "cálculo biliar",
    "gangrena": "gangrena",
    "doença do refluxo gastroesofágico (grd)": "enfermedad de reflujo gastroesofageal",
    "verrugas genitais": "verrugas genitales",
    "gengivite": "gingivitis",
    "glicosúria": "glicosuria",
    "bócio": "bocio, coto",
    "gonorréia": "gonorrea",
    "rinite alérgica": "fiebre del heno",
    "ataque cardíaco/infarto do miocárdio": "ataque cardiaco/infarto de miocardio",
    "doença cardíaca": "enfermedad cardiaca",
    "cardiopatia congênita": "enfermedad congenital cardiaca",
    "sopro cardíaco": "soplo cardiaco",
    "frequência cardíaca": "ritmo cardiaco, ritmo del corazón",
    "hematúria": "hematuria",
    "hemophillus": "hemófilo",
    "hemorróidas": "hemorroides, almorranas",
    "hepatite": "hepatitis",
    "hepatite viral": "hepatitis viral",
    "hérnia": "hernia",
    "vírus herpes": "virus del herpes",
    "herpes genital": "herpes genital",
    "hiv (vírus da imunodeficiência humana)": "vih (virus de inmunodeficiencia humana)",
    "urticária": "urticaria",
    "vírus do papiloma humano (hpv)": "virus del papiloma humano",
    "hipercolesterolemia": "hiper-colesterolemia",
    "hiperêmese gravídica": "hiperemésis gravídica",
    "hiperglicemia": "hiperglucemia",
    "hipertensão/pressão alta": "hipertensión, alta presión arterial/ sanguínea",
    "matador silencioso": "asesino silencioso",
    "síndrome do jaleco branco": "síndrome de bata blanca",
    "início rápido": "aparición rápida",
    "sistólica": "sistólico",
    "diastólica": "diastólico",
    "Hipertensão essencial": "hipertensión esencial",
    "hipertensão secundária": "hipertensión secundaria",
    "hipotensão": "hipotensión",
    "hipertireoidismo (doença de graves)": "hipertiroidismo (enfermedad de graves)",
    "hipoglicemia": "hipoglucemia",
    "impetigo": "impétigo",
    "inflamação": "inflamación",
    "síndrome inguinal": "síndrome inguinal",
    "intensivo": "intensivo",
    "invasivo": "invasivo, invasor",
    "icterícia": "ictericia",
    "doença renal": "enfermedad renal",
    "intolerância a lactose": "intolerancia a la lactosa",
    "lepra (doença de hanseníase)": "lepra (enfermedad de hansen)",
    "carcinoma lobular": "carcinoma lobular",
    "pressão sanguínea baixa": "presión/tensión sanguínea baja",
    "lúpus": "lupus",
    "linfogranuloma venéreo (lgv)": "linfogranuloma venerum (venéreo)",
    "mastite": "mastitis",
    "microrganismo": "microorganismo",
    "obeso": "obeso/a",
    "obesidade": "obesidad",
    "início": "principio, comienzo, inicio",
    "osteoporose": "osteoporosis",
    "tireóide hiperativa": "tiroides hiperactiva",
    "sobrepeso": "sobrepeso",
    "parasita": "parásito",
    "infecção parasitária": "infección parasitaria",
    "Doença periodontal": "enfermedad periodental",
    "síndrome faríngea": "síndrome faríngeo",
    "praga": "plaga / peste bubónica",
    "pneumonia": "neumonía",
    "pré-diabetes": "prediabetes",
    "raiva": "rabia",
    "síndrome retal": "síndrome rectal",
    "retrovírus": "retrovirus",
    "febre reumática": "fiebre reumática",
    "salmonela": "salmonela",
    "escarlatina": "fiebre escarlata / escarlatina",
    "invasão da vesícula seminal": "invasión de la vesícula seminal",
    "pólipo séssil": "pólipo sésil",
    "doença sexualmente transmissível (dst)": "enfermedad de transmisión sexual (ets)",
    "cobreiro": "herpes zoster, culebrilla",
    "sinusite": "sinusitis",
    "apnéia do sono": "apnea del sueño",
    "disco escorregadio": "vértebra dislocada",
    "entorse": "torcedura, torcer",
    "torcido": "torcido, luxado, dislocado",
    "garganta inflamada": "angina de la garganta; infeccion estreptococcica de la garganta",
    "AVC": "apoplejía, derrame cerebral",
    "queimadura de sol": "quemadura solar",
    "sífilis": "sífilis",
    "sífilis congênita": "sífilis congenital",
    "feridas de sífilis": "llagas de la sífilis",
    "tênia": "solitaria, lombriz solitaria, tenia",
    "tendinite": "tendonitis, tendinitis",
    "tétano": "tétanos",
    "trombose": "trombosis",
    "amidalite": "tonsillitis, amigdalitis",
    "cárie dentária": "caries",
    "trichomonas": "tricomonas",
    "tuberculose": "tuberculosis",
    "tuberculose primária ativa": "tuberculosis activa primaria",
    "tuberculose extensivamente resistente a medicamentos": "tuberculosis extensivamente resistente a la droga",
    "tuberculose miliar": "tuberculosis miliar",
    "tuberculose multirresistente (mdr-tb)": "tuberculosis resistente a múltiples drogas",
    "tuberculose primária": "tuberculosis primaria",
    "tuberculose latente (dormente)": "tuberculosis latente (dormida)",
    "tuberculose (secundária)": "tuberculosis (secundaria)",
    "vacina": "vacuna",
    "vacina bcg": "vacuna bcg",
    "febre tifóide": "fiebre tfoidea",
    "uremia": "uremia",
    "disfunção urinária": "disfunción urinaria",
    "varizes": "venas vricosas, varices",
    "vasoespasmos": "vasoespasmo",
    "doença venérea": "enfermedad venérea",
    "vírus": "virus",
    "infecção viral": "infección viral",
    "minhoca": "lombriz, gusano",
    "tiros de alergia": "inyecciones contra las alergias",
    "anfetaminas": "anfetaminas",
    "analgésico": "calmante",
    "antiácido": "antiácido",
    "antibiótico": "antibiótico",
    "drogas anticolinérgicas": "drogas anticolinérgicas",
    "anticoagulante": "diluyente sanguíneo/ anticoagulante",
    "anticonvulsivante": "anticonvulsivo",
    "antidepressivo": "antidepresivo",
    "antidiarreico": "antidiarréico",
    "antiemético": "antiemético (antivomitivo)",
    "anti-histamínico": "antihistamínico",
    "histamina": "histamina",
    "anti-hipertensivo": "anti-hipertensivo",
    "anti-inflamatório": "anti-inflamatorio",
    "anti-oncótico": "anti-oncótico",
    "antisséptico": "antiséptico",
    "antitussígeno": "antitusivo",
    "aspirina": "aspirina",
    "bomba de asma": "inhalador, insuflador",
    "azitromicina": "acitromicina",
    "Atadura": "tirita, curita",
    "curativo": "venda, vendaje (n.); vendar (vb.)",
    "tomar banho": "lavar, bañar(se)",
    "curvar": "inclinarse, agacharse",
    "beta agonista": "agonista beta",
    "pílula anticoncepcional": "píldora anticonceptiva, de control del embarazo",
    "tiro de reforço": "revacunación, inyección de refuerzo",
    "broncodilatador": "broncodilatador",
    "cálcio": "calcio",
    "cápsula": "cápsula",
    "elenco": "yeso, escayola",
    "colocar um elenco": "enyesar, escayolar",
    "catártico": "catártico",
    "camomila": "camomila, manzanilla",
    "óleo de fígado de bacalhau": "aceite de hígado de bacalao",
    "compressa (quente/frio)": "compresas (frías/calientes)",
    "preservativos": "condones, preservativos",
    "anticoncepcional": "anticoncepción, contracepción",
    "xarope": "jarabe para la tos",
    "aconselhamento": "terapia (consejería)",
    "creme (medicinal)": "crema, pomada",
    "descongestionante": "descongestivo",
    "fio dental": "hilo/seda dental, seda encerada/floja dental",
    "dentaduras": "dentadura postiza; caja",
    "depressor": "depresivo",
    "deprimente": "deprimente / depresivo",
    "detergente": "detergente",
    "dieta": "dieta",
    "desinfetante": "desinfectante",
    "diurético": "diurético",
    "dosagem": "dosis, dosificación, posología",
    "dose": "dosis",
    "gotas": "gotas",
    "conta-gotas": "cuentagotas",
    "medicamento": "medicina",
    "Drogaria": "farmacia, botica, droguería",
    "emético": "emético",
    "enema": "enema",
    "exercício": "ejercicio",
    "extrato (ervas)": "extracto (herbal)",
    "expectorante": "expectorante",
    "exubera": "exubera",
    "colírio": "gotas para los ojos",
    "Óculos": "gafas, lentes, espejuelos",
    "Vacina da gripe": "vacuna contra la gripe/a/ influenza",
    "fluoreto": "fluoruro, flúor",
    "espuma": "espuma",
    "curandeiro popular": "sanador, curandero",
    "gardasil": "gardasil",
    "gargarejo": "hacer gárgaras",
    "gaze": "gasa",
    "glicose": "glucosa",
    "gliburida": "gliburida / hipoglucemiante oral",
    "glipizida (glucatrol)": "glipicida/ hipoglucemiante oral",
    "curar": "curar, sanar, cicatrizar, remediar",
    "aparelho auditivo": "audifono // sonotone",
    "aquecer": "calor, calefacción",
    "erva": "hierba",
    "tratamento com ervas": "tratamiento herbal, omeopático",
    "pacote quente": "almohodilla de calor, almohadilla eléctrica",
    "garrafa de água quente": "bolsa de agua caliente",
    "umidificador": "humidificador",
    "hidratação": "hidratación",
    "peróxido de hidrogênio": "agua oxigenada, peróxido hidrogenado",
    "hipnóticos/soporíficos": "hipnóticos, soporíferos",
    "imunização": "inmunización",
    "Imunoterapia": "inmuno-terapia",
    "corticosteróides inalados": "corticoesteroides inhaladas",
    "inalador": "inhalador",
    "injeção": "inyección",
    "inseticida": "insecticida",
    "inserção": "inserción",
    "insulina": "insulina",
    "injeção de insulina": "inyección de insulina",
    "bomba de insulina": "bomba de insulina",
    "gotejamento intravenoso": "goteo intravenoso",
    "iodo": "yodo/iodo",
    "geléia": "jalea",
    "laxante": "laxante",
    "medicamentos de controle de longo prazo": "medicinas de control a largo plazo",
    "perder peso": "perder peso",
    "loção": "loción",
    "lubrificar": "lubricar",
    "morno": "tibio, templado",
    "inventar": "maquillaje",
    "massagem": "masaje",
    "medir": "medir",
    "armário de remédios": "gabinete médico",
    "mertiolato": "merthiolate (marca registrada de un medicamento)",
    "nebulizador": "nebulizador",
    "gota nasal": "gotas nasales, para la nariz",
    "nutrir": "educar, formar, criar",
    "novocaína": "novocaína",
    "óleo": "aceite",
    "pomada": "preservar, aliviar (vb.) ungüento (n.)",
    "em um estomago vazio": "con el estómago vacío",
    "oxigênio": "oxígeno",
    "marcapasso": "marcapasos // nodo atrioventricular del corazón",
    "pico": "pico",
    "farmacêutico": "farmacéutico",
    "farmacia": "farmacia",
    "comprimido": "píldora, pastilla",
    "meio comprimido": "media pastilla",
    "pulverizado": "pulverizada",
    "quarto de comprimido": "un cuarto de pastilla",
    "placebo": "placebo",
    "plástico": "plástico",
    "prescrição": "prescripción",
    "proteção": "protección",
    "polpa": "pulpa, pulpa dentaria, pulpeja",
    "medicamentos de alívio rápido": "medicinas de alivio rápido",
    "óculos de leitura": "gafas, lentes de lectura",
    "reabastecer": "rellenar",
    "remédio": "remedio",
    "repelente": "repelente",
    "resistência": "resistencia",
    "limpar": "aclarar, enjuagar",
    "esfregar": "masaje, fricción",
    "amostra": "muestra, ejemplar",
    "medicamentos de segunda linha (slds)": "drogas de segunda línea",
    "xamã": "chamán",
    "depilar": "afeitar",
    "tiros": "inyección",
    "leite desnatado": "leche desnatada, descremada, sin natilla",
    "banho de assento": "baño de asiento",
    "absorver": "empapar, remojar (vb). mojada (adj)",
    "sabão": "jabón",
    "espermicida": "espermicida",
    "tala": "astilla, tablilla",
    "imobilizar": "entablillar",
    "colherada": "cucharada",
    "esteroide": "esteroide",
    "estimulante": "estimulante",
    "pedra": "piedra // cálculo",
    "chupar": "chupar, mamar, aspirar",
    "cirurgia": "cirugía",
    "supositório": "supositorio",
    "colher de sopa": "cuchara de sopa",
    "tábua": "pastilla, comprimido, tableta",
    "tb teste de pele": "prueba cutánea (de la piel) de la tuberculina",
    "colher de chá": "cucharilla, cucharadita",
    "vacina antitetânica": "inyección antitetánica, para el tétanos",
    "terapia": "terapia",
    "escova de dente": "cepillo de dientes",
    "pasta de dentes": "pasta de dientes, dentífrico",
    "tranquilizante": "tranquilizador",
    "tylenol": "tylenol",
    "tratamento ultravioleta (uv)": "tratamiento ultravioleta (uv)",
    "vasodilatador": "vasodilatador",
    "vinagre": "vinagre",
    "suplemento vitamínico": "suplemento vitamínico",
    "levedura": "levadura // hongo",
    "acupuntura": "acupuntura",
    "ervas medicinais": "medicinas herbales",
    "magnetoterapia": "terapia magnética",
    "Anestesista": "anestesiólogo",
    "anestesia local": "anestesia local",
    "controle da dor": "manejo del dolor",
    "raquianestesia": "anestesia espinal, epidural",
    "angina de peito": "angina pectoris, angina de pecho, dolor de pecho",
    "angiograma": "angiograma",
    "aneurisma arterial": "aneurismo arterial",
    "balão": "globo, balón",
    "cateterismo cardíaco": "caterización cardiaca",
    "parada cardíaca": "paro cardiaco",
    "varredura cardíaca": "escáner cardiaco",
    "cirurgião cardiovascular": "cirujano cardiaco",
    "cardiopulmonar": "cardiopulmonar",
    "cardiologista": "cardiólogo",
    "cardioscópio": "cardioscopio",
    "cardiovascular": "cardiovascular",
    "sistema circulatório": "sistema circulatorio",
    "insuficiência cardíaca congestiva": "fallo congestivo cardiaco",
    "angioplastia coronária": "angioplastia coronaria",
    "artérias coronárias": "arterias coronarias",
    "cirurgia de revascularização miocárdica": "cirugía para un desvío coronario, para un bypass coronario",
    "cpr": "rcp (reanimación cardio-pulmonar)",
    "cianose": "cianosis (color azulado)",
    "ecocardiograma": "ecocardiograma/fía",
    "eletrocardiograma (ekg)": "electrocardiograma/fía (ekg)",
    "encefalomiocardite": "encéfalomiocarditis",
    "embolia": "embolismo",
    "teste de exercício tálio": "examen de ejercicio del talio, test del talio",
    "batimento cardiaco": "latido del corazón, pulsación cardiaca",
    "insuficiência cardíaca": "fallo cardiaco",
    "isquemia": "isquemia",
    "dl (lipoproteína de baixa densidade)": "lipoproteína de baja densidad",
    "hipertrofia ventricular esquerda": "hipertrofia ventricular izquierda",
    "miocardite": "miocarditis",
    "cirurgia de coração aberto": "cirugía a corazón abierto",
    "doença cardíaca reumática": "enfermedad reumática del corazón",
    "ventrículo único": "ventrículo único",
    "ritmo constante": "ritmo estable",
    "estenose": "estenósis",
    "stent": "estent // varilla",
    "estressores": "estresantes",
    "teste de esforço/exercício": "examen para medir el ritmo cardiaco",
    "o coração bate": "los latidos del corazón",
    "defeito do Septo ventricular": "defecto de tabique ventricular",
    "inserção de arco": "plantilla para el zapato",
    "apoio de arco": "sostén del arco",
    "quiroprático": "quiropráctico",
    "alergista": "alergista",
    "biópsia (soco/barba)": "biopsia (por aguja, por cepillo)",
    "manchas": "manchas, imperfecciones",
    "ferver": "furúnculo",
    "insensível": "calloso",
    "carbúnculo": "canbunclo, ántrax",
    "milho": "callo",
    "cultura de uma ferida": "cultivo de una herida",
    "cistos": "quistes",
    "caspa": "caspa",
    "dermatite": "dermatitis",
    "dermatologista": "dermatólogo",
    "dermatologia": "dermatología",
    "drenando um cisto": "drenar un quiste",
    "pele seca": "piel seca",
    "ácaro da poeira": "ácaros del polvo",
    "eczema": "eccema",
    "raspagem fúngica": "examen fungal por raspado",
    "fungo de unhas": "hongos de las uñas",
    "hipoalergênico": "hipoalergénico",
    "piolhos": "piojos",
    "umedecer": "humedecer, humedecerse",
    "hidratante": "humidificante, hidratante",
    "verruga": "verruga",
    "não comedogênico": "no-comedogénico",
    "descamação": "pelándose",
    "espinhas": "granos, barros",
    "psoríase": "psoriasis",
    "irritação na pele; erupção": "salpullido, sarpullido, erupción",
    "sarna": "costra",
    "escala": "escamándose",
    "escamoso": "escamoso",
    "câncer de pele": "cáncer de piel",
    "complicações de pele": "complicaciones de la piel",
    "queimado de sol": "quemado por el sol",
    "protetor solar": "pantalla solar",
    "acidose": "acidosis",
    "alcalose": "alcalosis",
    "choque anafilático": "shock anafiláctico (choque, choc)",
    "apendicite": "apendicitis",
    "apendicectomia": "apendectomía",
    "asfixia": "asfixia",
    "bala": "bala",
    "ferida de bala": "herida de bala",
    "ressuscitação cardiopulmonar / ressuscitador": "resucitación cardiopulmonar",
    "concussão": "concusión",
    "contusão": "contusión",
    "desintoxicação": "desintoxicación",
    "afogar": "ahogar(se); anegar(se)",
    "bêbado": "borracho, ebrio, embriagado, bebido, tomado",
    "exposição": "exposición",
    "queimaduras de primeiro/segundo/terceiro grau": "quemaduras de primer/segundo y tercer grado",
    "hemorragia": "hemorragia",
    "eu parei de respirar": "dejé de respirar",
    "eu parei para respirar": "paré para respirar",
    "induzir vômito": "vómito inducido",
    "reação à insulina": "reacción a la insulina",
    "choque de insulina": "shock insulínico (choque, choc)",
    "Unidade de Terapia Intensiva (UTI)": "unidad de cuidados intensivos (uci)",
    "intoxicado (ver intoxicação alimentar)": "borracho o drogado",
    "isolar": "aislar",
    "dilacerar": "lacerar",
    "laceração": "laceración",
    "maceração": "maceración",
    "overdose": "sobredosis",
    "tóxico": "tóxico",
    "envenenar": "envenenar",
    "envenenamento": "venenoso",
    "quarentena": "cuarentena",
    "estupro": "violar",
    "estuprada": "violado/a",
    "sepse": "sepsis",
    "pontos": "puntadas, puntos, suturas",
    "ruptura (músculo, tendão, ligamento)": "desgarro (músculo, tendon, ligamento)",
    "toxicidade": "toxicidad",
    "toxinas": "toxinas",
    "trauma": "trauma",
    "triagem": "escoger priorizando a los más graves // triage",
    "ferimentos": "heridas",
    "endocrinologista": "endocrinólogo",
    "glucagon": "glucagón",
    "gliconeogênese": "gluconeogénesis",
    "hormônio": "hormona",
    "terapia hormonal": "terapia hormonal",
    "endocrinologista reprodutiva/especialista em fertilidade": "endocrinólogo reproductor/especialista en fertilidad",
    "esteróides": "esteroides",
    "hormônio tireoidiano sintético (levotiroxina)": "hormona tiroidea sintética (levotiroxina)",
    "testosterona": "testosterona",
    "perda de testosterona": "pérdida de testosterona",
    "hormônio estimulante da tireóide": "hormona estimulante de la tiroides",
    "adenopatia": "adenopatía",
    "astigmatismo": "astigmatismo",
    "audiologista": "audiologista // audiólogo",
    "equilíbrio": "balance",
    "Deglutição de bário": "dosis de bario que se traga",
    "displasia": "displasia",
    "difícil de ouvir": "sordo",
    "otalgia": "otalgia",
    "otorrinolaringologista": "otorrinolaringólogo",
    "otorrinolaringologia": "otorrinolaringología",
    "gotejamento pós-nasal": "goteo post-nasal",
    "zumbido no ouvido": "zumbido en los oídos",
    "sentido da audição": "sentido del oído",
    "sentido de olfato": "sentido del olfato",
    "estudo do sono": "estudio del sueño",
    "pigarro": "aclararse la garganta",
    "zumbido": "tinitus",
    "vertigem": "vértigo",
    "avaliação de voz": "evaluación de la voz",
    "AIDS (Síndrome da Imunodeficiência Adquirida)": "sida (síndrome de la inmunodeficiencia adquirida)",
    "aconselhamento sobre uso de álcool": "asesoramiento sobre el consumo del alcohol",
    "pressão arterial": "presión sanguínea",
    "índice de massa corporal (IMC)": "índice de masa corporal",
    "colesterol": "colesterol",
    "cirrose": "cirrosis",
    "abuso doméstico": "abuso doméstico",
    "dentista": "dentista",
    "médico de família": "médico de práctica familiar",
    "antecedentes/história familiar": "antecedentes familiares, historia de la familia",
    "clínico geral": "practicante general",
    "níveis de glicose": "niveles de glucosa",
    "sistema imunológico": "sistema inmune",
    "imunologista": "inmunólogo",
    "período de incubação": "período de incubación",
    "doença infecciosa": "enfermedad infecciosa",
    "especialista em doenças infecciosas": "especialista en enfermedades infecciosas",
    "estudo médico": "estudio médico",
    "neonatologista": "neonatólogo",
    "nicotina": "nicotina",
    "infecção oportunista": "infección oportunista",
    "exame físico": "examen físico",
    "cuidado preventivo": "cuidados preventivos",
    "prestador de primeiros socorros": "profesional de la salud principal",
    "médico primário": "médico principal, de cabecera",
    "parar de fumar": "dejar de fumar",
    "comportamento de risco": "conductas de riesgo",
    "fatores de risco": "factores de riesgo",
    "sexo seguro": "sexo seguro",
    "sentido da visão": "sentido de la vista",
    "senso de gosto": "sentido del gusto",
    "sensação de toque": "sentido del tacto",
    "Parar de fumar": "dejar de fumar",
    "estresse": "estrés",
    "os sentidos": "los sentidos",
    "inseguro": "inseguro, peligroso",
    "vacinas": "vacunas",
    "uísque": "whisky",
    "você está em risco de HIV": "tienes riesgo de contraer el vih",
    "colecistite": "colecistitis",
    "pólipos do cólon": "pólipos en el colon",
    "colonoscopia": "colonoscopia",
    "colostomia": "colostomía",
    "sistema digestivo": "sistema digestivo",
    "diverticulose": "diverticulosis",
    "esofagite": "esofagitis",
    "cálculos biliares": "cálculos biliares",
    "gastrite": "gastritis",
    "gastroenterologista": "gastroenterólogo",
    "gastroenterologia": "gastroenterología",
    "gastroparesia": "gastroparesis",
    "endurecimento do estômago": "endurecimiento del estómago",
    "hérnia de hiato": "hernia de hiato",
    "síndrome do intestino irritável": "síndrome del colon irritable",
    "pólipo": "pólipo",
    "refluxo": "reflujo",
    "micose": "tiña",
    "sigmoidoscopia": "sigmoidoscopia",
    "banco": "materia fecal, excremento",
    "úlcera": "úlcera",
    "anestesia": "anestesia",
    "enxerto ósseo": "injerto de hueso",
    "criocirurgia": "criocirugía",
    "crioterapia": "crioterapia",
    "doador": "donante",
    "correspondência de órgão": "órgano compatible",
    "rejeição de órgãos": "rechazo de un órgano",
    "transplante de órgão": "transplante de órgano",
    "recuperação pós-operatória": "recuperación post-quirúrgica",
    "avaliação pré-operatória": "evaluación pre-quirúrgica",
    "preparação pré-operatória": "preparación pre-quirúrgica",
    "destinatário": "recipiente",
    "cicatriz": "cicatriz",
    "esfregar (cirurgicamente)": "lavarse frotándose antes de la cirugía",
    "enxerto de pele": "injerto de piel",
    "cirurgião": "cirujano",
    "transplante": "transplante",
    "achado anormal": "descubrimiento anormal",
    "aborto": "aborto",
    "adenina": "adenina",
    "talassemia alfa": "alfa talasemia",
    "aminoácido": "aminoácido",
    "amniocentese": "amniocentesis",
    "autossômico": "autosómico",
    "cromossomo autossômico": "cromosoma autosómico",
    "história médica do pai do pai do bebê": "historial médico del padre del padre del bebé",
    "histórico médico do pai do bebê": "historial médico del padre del bebé",
    "histórico médico da mãe do pai do bebê": "historial médico de la madre del padre del bebé",
    "histórico médico dos filhos dos irmãos do pai do bebê": "historial médico de los hijos de los hermanos del padre del bebé",
    "histórico médico dos irmãos do pai do bebê": "historial médico de los hermanos del padre del bebé",
    "histórico médico do pai da mãe do bebê": "historial médico del padre de la madre del bebé",
    "histórico médico da mãe do bebê": "historial médico de la madre del bebé",
    "histórico médico da mãe da mãe do bebê": "historial médico de la madre de la madre del bebé",
    "histórico médico dos irmãos da mãe do bebê": "historial médico de los hermanos de la madre del bebé",
    "bactérias, micróbios, germes": "bacterias; microbios; gérmenes",
    "corpo de barra": "cuerpo de barr",
    "base": "base",
    "talassemia beta": "beta talasemia bet",
    "defeitos de nascença": "defectos de nacimiento, defectos congénitos",
    "parentes de sangue": "parientes de sangre, parientes consanguíneos",
    "síndrome da flor": "síndrome de bloom",
    "operadora": "portador, mensajero",
    "status de triagem de operadora": "estado de detección del portador",
    "caucasiano": "caucásico",
    "células": "células",
    "análise cromossômica": "análisis cromosómico",
    "cromossomos": "cromosomas",
    "co-dominância": "co-dominancia",
    "herança codominante": "herencia co-dominante",
    "consanguinidade": "consanguineidad",
    "citoplasma": "citoplasma",
    "citosina": "citosina",
    "defeitos": "defectos",
    "deformidades": "deformidades",
    "ácido desoxirribonucléico (dna)": "ácido desoxiribonucleico (adn)",
    "detecção": "detección",
    "disjunção": "disyunción",
    "parentes distantes": "parientes lejanos",
    "dominante": "dominante",
    "dupla hélice": "doble hélice",
    "síndrome de Down": "síndrome de down",
    "eletroforese": "electroforesis",
    "codificado": "codificado",
    "endonuclease": "endonucleasa",
    "enzima": "enzima",
    "origem étnica": "antecedentes étnicos, grupo étnico",
    "etnia": "etnicidad",
    "anomalia cromossômica familiar": "anormalidad cromosómica familiar",
    "anemia de fanconi": "anemia de franconi",
    "ácidos graxos": "ácidos grasos",
    "fertilizado": "fertilizado",
    "filamento": "filamento",
    "síndrome do x frágil": "síndrome del x frágil",
    "fragmentos": "fragmentos",
    "gêmeos fraternos": "mellizos",
    "doença de Gaucher": "enfermedad de gaucher",
    "genes": "genes",
    "conselheiro genético": "consejero genético",
    "tendência genética": "tendencia genética",
    "teste genético": "examen genético, prueba genética",
    "geneticista": "geneticista",
    "genética": "genética",
    "aconselhamento genético": "consejo genético",
    "genótipo": "genotipo",
    "gênero": "género",
    "gestação": "gestación",
    "guanina": "guanina",
    "hélice": "hélice",
    "doença da hemoglobina h": "enfermedad de la hemoglobina h",
    "hemoglobinopatia": "hemoglobinopatía",
    "hemofilia": "hemofilia",
    "hereditário": "hereditario",
    "Projeto Genoma Humano": "proyecto del genoma humano",
    "Síndrome de Huntington": "síndrome de huntington (corea de huntington)",
    "gêmeos idênticos": "gemelos idénticos, mellizos idénticos",
    "herança": "herencia",
    "distúrbio hereditário": "trastorno heredado",
    "crianças vivas": "niños vivos",
    "mapeamento": "mapeo",
    "síndrome de marfan": "síndrome de marfan",
    "materno": "materno",
    "meiose": "meiosis",
    "mitocôndria": "mitocondria",
    "molécula": "molécula",
    "mongolóide": "mongol",
    "gestação múltipla": "gestación múltiple",
    "mutação": "mutación",
    "negróide": "negroide",
    "morte neonatal": "muerte neonatal",
    "nefrite": "nefritis",
    "defeitos do tubo neural": "defecto del tubo neural",
    "não disjunção": "no-disyunción",
    "núcleo": "núcleo",
    "oncogene": "oncogen",
    "gestações anteriores": "embarazos anteriores",
    "paterno": "paterno",
    "teste de paternidade": "examen de paternidad",
    "fenótipo": "fenotipo",
    "pigmento": "pigmento",
    "polimerase": "polímeros",
    "resultado da gravidez": "resultados del embarazo",
    "nascimento prematuro": "parto prematuro",
    "teste pré-natal": "examen prenatal",
    "estado de saúde atual": "estado de salud actual",
    "sonda": "probeta",
    "átomo radioativo": "átomo radioactivo",
    "doença rara": "enfermedad rara, extraña",
    "genes recessivos": "gen(e) recesivo",
    "recorrência": "recurrencia",
    "glóbulos vermelhos": "glóbulos rojos, hematíes",
    "daltonismo vermelho-verde": "daltonismo rojo-verde",
    "ácido ribonucléico (rna)": "ácido ribonucleico (arn)",
    "ribossomos": "ribosomas",
    "raquitismo": "raquitismo",
    "risco de análise cromossômica": "riesgo por el análisis cromosómico",
    "risco de aborto espontâneo": "riesgo de aborto involuntario",
    "cromossomos sexuais": "cromosomas sexuales",
    "anemia falciforme": "anemia de glóbulos falciformes",
    "gestação única": "gestación única",
    "teste Southern Blot": "test de southern blot",
    "teste de suor": "prueba de sudor",
    "doença de tay sachs": "enfermedad de tay sachs",
    "modelo": "molde, patrón, plantilla",
    "talassemia": "talasemia",
    "timina": "timina",
    "clonar": "clonar",
    "emendar": "unir, juntar",
    "característica": "rasgo, característica",
    "trissomia": "trisomía",
    "síndrome de turner": "síndrome de turner",
    "uracilo": "uracilo",
    "glóbulos brancos": "glóbulos blancos, leucocitos",
    "geriatra": "geriatra",
    "uma dose de ácido": "tomarse o meterse un ácido",
    "escoriações": "abrasiones",
    "abusado": "abusado/a",
    "abusador": "abusador",
    "abusar (relacionamento)": "(relación) abusiva",
    "abusivo": "abusivo",
    "ácido": "ácido",
    "ativo": "activo",
    "nível de atividade": "nivel de actividad",
    "agudo": "agudo, grave",
    "agressivo": "agresivo",
    "agressividade": "agresividad",
    "agressor": "agresor",
    "agitado": "agitado/a",
    "agitação": "agitación",
    "agitação psicomotora": "agitación psicomotriz",
    "agorafobia": "agorafobia",
    "álcool": "alcohol",
    "anorexia": "anorexia",
    "isso já está em português": "anorexia nerviosa",
    "anoréxica": "anoréxico/a",
    "transtorno de ansiedade": "trastorno de ansiedad",
    "apático": "lánguido",
    "apatia": "apatía",
    "afasia": "afasia",
    "aptidão": "aptitud",
    "transtorno de déficit de atenção": "trastorno de déficit de atención",
    "transtorno de déficit de atenção e hiperatividade": "trastorno de déficit de atención e hiperactividad",
    "atitude": "actitud",
    "comportamento": "comportamiento",
    "saúde comportamental": "salud comportamental",
    "bulimia nervosa": "bulimia nerviosa",
    "fatores biológicos": "factores biológicos",
    "transtorno bipolar": "trastorno bipolar",
    "apagão (relacionado a drogas/álcool)": "laguna mental, desmayo",
    "linguagem corporal": "lenguaje corporal",
    "limítrofe": "limítrofe, incierto, en el límite, borderline",
    "transtorno de personalidade limítrofe": "trastorno límite de la personalidad",
    "ninhada": "cavilación",
    "bulimia": "bulimia",
    "bulímico": "bulímico/a",
    "zelador": "cuidador",
    "crônica": "crónico",
    "claustrofobia": "claustrofobia",
    "claustrofóbico": "claustrofóbico/a",
    "cocaína": "cocaína",
    "fatores cognitivos": "factores cognitivos",
    "Coca": "coca, farla, farlopa, perico, fua, nieve, merca",
    "concentração": "concentración",
    "concreto": "concreto/a",
    "consciência": "conciencia",
    "consciente": "conciente",
    "restrito": "constricto/a",
    "pessoa de contato": "persona de contacto",
    "cooperativo": "cooperativa/o",
    "conselheiro": "consejero",
    "crack": "crack, cocaína en base, basuco",
    "louco": "loco",
    "enlouquecer": "volverse loco",
    "crime": "crimen",
    "crenças culturais": "creencias culturales",
    "choque cultural": "choque cultural",
    "defensiva": "defensivo/a",
    "delirante": "delirante",
    "delírios": "delirios",
    "Delírios de grandeza": "delirios de grandeza",
    "delírios de perseguição": "delirios de persecución",
    "demente": "demente",
    "demência": "demencia",
    "depressivo": "depresivo",
    "depressão": "depresión",
    "depressão clínica": "depresión clínica",
    "fatores de desenvolvimento": "factores del desarrollo",
    "dificuldade em articular": "dificultad articulatoria, para articular",
    "dignidade": "dignidad",
    "dissociação": "disociación",
    "transtorno dissociativo de identidade": "trastorno disociativo de la identidad",
    "distraído": "distraído/a",
    "distração": "distractibilidad",
    "sofrimento": "angustia, aflicción",
    "angustiado": "ditresado, angustiado",
    "angustiante": "distresante, angustiante",
    "abuso de drogas": "abuso de drogas",
    "overdose de drogas": "sobredosis por drogas",
    "distimia": "distimia",
    "Padrões alimentares": "patrones de alimentación",
    "problemas educacionais": "problemas educativos",
    "emocional": "emocional",
    "Fatores Ambientais": "factores ambientales",
    "episódios": "episodios",
    "episodicamente": "episódicamente, en episodios",
    "euforia": "euforia",
    "eufórico": "eufórico",
    "eutimia": "eutimia",
    "evasivo": "evasivo",
    "culpa excessiva": "culpa excesiva",
    "sensação de depressão": "sentimiento de depresión",
    "sensação de impotência": "sentimiento de impotencia, de desamparo",
    "sentimento de desesperança": "sentimiento de desesperanza",
    "sensação de cansaço": "sensación de cansancio/fatiga",
    "sentimento de inutilidade": "sentimiento de inutilidad",
    "sentimentos": "sentimientos, sensaciones",
    "desaceleração geral": "sentimientos, sensaciones de decaimiento general",
    "herança genética": "herencia genética",
    "gesticulação": "gesticulación",
    "gestos": "gestos",
    "guloso": "glotón",
    "Terapia de Grupo": "terapia grupal, de grupo",
    "guardado": "a la defensiva",
    "guardião": "guardián, tutor",
    "alucinações": "alucinaciones",
    "ressaca": "resaca, guayabo, cruda, ratón, borrachera",
    "ouvindo vozes": "escuchar u oir voces",
    "heroína": "heroína, caballo, jaco",
    "hobbies": "hobbies, entretenimientos, pasatiempos, aficiones",
    "homicida": "homicida",
    "tentativa de homicídio": "intento de homicidio",
    "ideação homicida": "ideación homicida",
    "pensamentos homicidas": "pensamientos homicidas",
    "homicídio": "homicidio",
    "hostil": "hostil",
    "problema habitacional": "problema de vivienda",
    "agências de serviços humanos": "agencies de servicios humanos",
    "hiperativo": "hiperactivo/a",
    "desordem de hiperatividade": "trastorno de hiperactividad",
    "hipocondria": "hipocondria",
    "hipocondríaco": "hipocondriaco",
    "hipomania": "hipomania",
    "4. medicamentos (intravenosos)": "drogas intravenosas, por vía parenteral",
    "ilógico": "ilógico",
    "ilusões": "ilusiones",
    "questões de imigração": "asuntos de inmigración, inmigratorios",
    "status de imigração": "estado de inmigración",
    "impulsivo": "impulsivo",
    "incapacidade de concentração": "incapacidad para concentrarse",
    "incidente de abuso": "incidente de abuso",
    "incongruência": "incongruencia",
    "aumento do apetite": "apetito aumentado, aumento del apetito",
    "aumento da emotividade": "emocionalidad aumentada",
    "indecisão": "indecisión",
    "induz comportamento": "induce un/a comportamiento/conducta",
    "insinuante": "congraciador",
    "insano": "loco, demente",
    "insanidade": "locura, demencia",
    "irrelevante": "irrelevante",
    "irritabilidade": "irritabilidad",
    "irritável": "irritable",
    "lábil": "lábil",
    "lacerações": "laceraciones",
    "comportamento aprendido": "conducta aprendida",
    "tempo de lazer": "tiempo libre",
    "letargia": "letargia",
    "perda de energia": "pérdida de energía",
    "perda de funcionamento": "pérdida de funcionalidad",
    "perda de interesse": "pérdida de interés",
    "lsd": "lsd (ácido lisérgico dietilamida)",
    "depressão maior": "depresión mayor",
    "mania": "manía",
    "maníaco": "maniaco",
    "manifestações": "manifestaciones",
    "maconha": "marihuana, maría, hierba",
    "Estado civil": "estado civil, marital",
    "perda de memória": "pérdida de memoria",
    "saúde mental": "salud mental",
    "doença mental": "enfermedad mental",
    "retardo mental": "retardo o retraso mental",
    "suicídio mental": "suicidio mental",
    "abusado mentalmente": "abusado // maltratado psicológicamente, mentalmente",
    "doente mental": "enfermo mental",
    "retardado mental": "retrasado mental",
    "transtorno de personalidade múltipla": "trastorno de personalidad multiple, trastorno de identidad disociativo",
    "cogumelos": "hongos (alucinógenos), champiñones",
    "mudo": "mudo",
    "neurose": "neurosis",
    "neurótico": "neurótico",
    "obsessivo-compulsivo": "obsesivo-compulsivo",
    "transtorno obsessivo-compulsivo (TOC)": "trastorno obsesivo-compulsivo (toc)",
    "problemas ocupacionais": "problemas ocupacionales",
    "transtorno desafiador opositivo": "trastorno de desafío y oposición",
    "otimismo": "optimismo",
    "otimista": "optimista",
    "ataque de pânico": "ataque de pánico, de angustia",
    "síndrome do pânico": "trastorno de pánico",
    "paranóia": "paranoia",
    "paranóico": "paranoico",
    "parceiro": "pareja, compañero/a",
    "paz de espírito": "paz mental",
    "percepção": "percepción",
    "perpetrador de abuso": "perpetrador/autor de abusos/maltratos",
    "perseguição": "persecución",
    "transtornos de personalidade": "trastornos de personalidad",
    "pessimismo": "pesimismo",
    "pessimista": "pesimista",
    "fobia": "fobia",
    "fobia de compromisso": "fobia al compromiso",
    "abusadas fisicamente": "abusado/maltratado físicamente",
    "pouco apetite": "poco apetito, apetito pobre // malo",
    "baixa auto-estima": "baja autoestima",
    "transtorno de estresse pós-traumático (TEPT)": "trastorno de estrés postraumático (tep)",
    "Panela": "maría, hierba, marihuana",
    "psiquiátrico": "psiquiátrico",
    "problema psiquiátrico": "problema psiquiátrico",
    "psiquiatra": "psiquiatra",
    "droga psicoativa": "droga psicoactiva",
    "problemas psicológicos": "problemas psicológicos",
    "psicólogo": "psicólogo/a",
    "psicologia": "psicología",
    "psicopatia": "psicopatía",
    "psicose": "psicosis",
    "problemas psicossociais": "problemas psicosociales",
    "psicossomático": "psicosomático",
    "psicoterapia": "psicoterapia",
    "episódio psicótico": "episodio psicótico",
    "razoável": "razonable",
    "refugiado": "refugiado/a",
    "relação com o paciente": "relación con el paciente",
    "crenças religiosas": "creencias religiosas",
    "inquietação": "desasosiego",
    "rígido": "rígido/a",
    "rigidez": "rigidez",
    "humor triste": "estado de humor triste",
    "esquizofrenia": "esquizofrenia",
    "esquizofrênico": "esquizofrénico",
    "sedutor": "seductor/a",
    "autocensura": "autorreproche",
    "egocêntrico": "absorto/a",
    "auto-consciente": "cohibido, tímido",
    "auto estima": "autoestima",
    "abusado sexualmente": "abusado/a sexualmente",
    "padrões de sono": "patrones del sueño",
    "fatores sociais": "factores sociales",
    "retraimento social": "retraimiento social, abandono social",
    "trabalho social": "trabajo social",
    "forças": "virtudes, fuerzas, fortalezas",
    "estressa": "estresa",
    "estressante": "estresante",
    "estressando": "estresante",
    "subconsciente": "subconsciente",
    "abuso de substâncias": "abuso de sustancias",
    "suicida": "suicida",
    "tentativa de suicídio": "intento suicida",
    "ideação suicida": "ideación suicida",
    "plano suicida": "plan suicida",
    "pensamentos suicidas": "pensamientos suicidas",
    "suicídio": "suicidio",
    "sobrenatural": "sobrenatural",
    "choro": "lacrimosidad",
    "terapeuta": "terapeuta",
    "pensou em prejudicar os outros": "pensar en hacer daño a otros",
    "pensamentos de se machucar": "pensar en hacerse daño a uno mismo",
    "cansaço": "cansancio",
    "estar alerta": "estar alerta",
    "estar hiperalerta": "estar hiper-alerta",
    "estar embriagado": "estar embriagado // drogrado",
    "ser letárgico": "estar letárgico",
    "escurecer": "desmayarse // enlagunarse",
    "cometer um crime": "cometer un crimen",
    "cometer suicídio": "cometer suicidio",
    "matar-se": "matarse, suicidarse",
    "molestar (sexualmente)": "abusar sexualmente, tocar inapropiadamente",
    "procurar aconselhamento": "buscar ayuda, consejo, counseling, asesoramiento",
    "tortura": "tortura",
    "tremores": "temblores",
    "problemas para dormir": "dificultad de dormir",
    "espasmos": "sacudida, contorsión",
    "inconsciente": "inconsciente",
    "vítima de abuso": "víctima de abuso",
    "fraco; lânguido; atropelar": "débil, lánguido",
    "pontos fracos": "debilidad",
    "ganho de peso": "aumento de peso",
    "perda de peso": "pérdida de peso, bajar de peso",
    "retirado": "aislado, apartado, retirado, retraído, abandonado",
    "medição de creatinina": "medida de la creatina",
    "bexiga desceu": "ptosis, caída o prolapso de la vejiga",
    "diálise": "diálisis",
    "glomerulite": "glomérulitis",
    "hematúria (sangue na urina)": "hematuria (sangre en la orina)",
    "pedra no rim": "cálculo/piedra en el riñón",
    "nefrologista": "nefrólogo",
    "apagões": "lagunas mentales // desmayos",
    "síndrome do túnel carpal": "síndrome del túnel carpiano",
    "cérebro vascular": "cerebrovascular",
    "craniotomia": "craneotomía",
    "estimulação elétrica": "estimulación eléctrica",
    "(dezenas) estimulação elétrica nervosa transcutânea": "estimulación nerviosa eléctrica transcutánea",
    "eletromielograma (emg)": "electromielograma (emg)",
    "hérnia de disco": "disco herniado",
    "meningite": "meningitis",
    "hipotrofia muscular": "hipotrofia muscular",
    "neurologista": "neurólogo",
    "neurologia": "neurología",
    "reflexos": "reflejos",
    "sensação de formigueiro": "sensación de hormigueo",
    "o que você sente?": "¿ qué percibe? ¿qué siente?",
    "carboidratos": "carbohidratos, hidratos de carbono",
    "dióxido de carbono": "dióxido de carbono",
    "dietético": "dietética",
    "dietista": "dietólogo, dietista",
    "gorduras": "grasas",
    "alimentação": "nutrición",
    "nutricionista": "nutricionista, nutrólogo",
    "potássio": "potasio",
    "sódio": "sodio",
    "jejuar": "ayunar",
    "vitaminas": "vitaminas",
    "deficiência de vitamina": "deficiencia vitamínica",
    "espontâneo/acidental": "espontáneo // accidental",
    "induzido": "inducido",
    "placenta (placenta)": "placenta",
    "amenorréia": "amenorrea",
    "flúido amniótico": "fluido amniótico",
    "inseminação artificial": "inseminación artificial",
    "bebê": "bebé",
    "Mamadeira": "biberón",
    "fórmula infantil": "leche para bebés",
    "controle de natalidade": "control de natalidad",
    "Alimentação de garrafas": "alimentar por biberón",
    "bico de mamadeira": "tetilla de biberón",
    "amamentar": "amamantar",
    "cesáriana": "operación cesárea",
    "parto": "nacimiento de un niño/a",
    "cloasma": "cloasma",
    "exame clínico das mamas": "examen clínico del seno",
    "coito (pré-coito, pós-coito)": "coito (pre-coito, post-coito)",
    "conceber": "concebir",
    "condições congênitas": "enfermedades congénitas",
    "lábio leporino": "labio leporino",
    "fenda palatina": "paladar hendido",
    "falha em prosperar": "fallo para crecer/prosperar",
    "coluna vertebral fundida": "fusión de la columna espinal",
    "vértebras ausentes": "vertebra ausente",
    "espinha bífida": "espina bífida",
    "lábio partido": "labio cortado, labio leporino",
    "contração": "contracción",
    "coroa": "corona",
    "fraldas": "pañales",
    "pano": "trapo, tela",
    "descartável": "descartable, desechable, de usar y tirar",
    "entregar": "parir, dar a luz",
    "entrega": "parto",
    "sala de parto": "sala de partos",
    "ducha": "lavado vaginal",
    "dismenorréia": "dismenorrea",
    "dispareuria": "dispareunia",
    "Gravidez ectópica": "embarazo ectópico",
    "embrião": "embrión",
    "endometriose": "endometriosis",
    "episiotomia": "episiotomía",
    "epidural": "epidural",
    "estrogênio": "estrógeno",
    "extirpação do útero": "extirpación del útero",
    "trompas de Falópio": "trompas de falopio",
    "planejamento familiar": "planificación familiar",
    "fertil": "fértil",
    "fertilidade": "fertilidad",
    "perda de fertilidade": "pérdida de fertilidad",
    "fertilização": "fertilización",
    "tom cardíaco fetal": "latido del corazón fetal",
    "cirurgia fetal": "cirugía fetal",
    "fetoscopia": "fetoscopia",
    "feto": "feto",
    "mioma": "fibroide",
    "tumor fibróide": "tumor fibroide",
    "fórceps": "forceps",
    "termo completo": "término/tiempo completo",
    "ginecologista": "ginecólogo/a",
    "ondas de calor": "rubores, calores, fogaje, bochornos",
    "histerectomia": "histerectomía",
    "implantação": "implantación",
    "incubadora": "incubadora",
    "trabalho de parto induzido": "parto inducido",
    "infantil": "infante, niño/a",
    "Fórmula infantil": "leche formulada para bebé",
    "paralisia infantil": "parálisis infantil",
    "infertilidade": "infertilidad",
    "mamilo invertido": "pezón invertido",
    "dispositivo intrauterino (DIU)": "dispositivo intrauterino (diu)",
    "dores do parto": "dolores de parto",
    "lactação": "lactancia",
    "laparoscopia": "laparoscopia",
    "leucorreia": "leucorrea",
    "maternidade": "sala de maternidad",
    "menarca": "menarca. menarquia",
    "menopausa": "menopausia",
    "menorragia": "menorragia",
    "menstruação": "menstruación",
    "ciclo menstrual": "ciclo menstrual",
    "menstruação (período)": "menstruación, regla, periodo",
    "aborto espontâneo": "aborto involuntario",
    "gravidez múltipla": "embarazo múltiple",
    "planejamento familiar natural (método do ritmo)": "planificación familiar natural, método de ritmo",
    "parto vaginal natural": "parto natural (vaginal)",
    "cordão umbilical": "cordón umbilical",
    "neonatal": "neonatal",
    "recém-casado": "recién casados",
    "Entrega normal": "parto normal, sin problemas",
    "nulípara": "nulípara",
    "obstetra": "obstetra",
    "cisto no ovário": "quiste ovárico",
    "ovulação": "ovulación",
    "papanicolau": "papanicolau; citología (con tinción de papanicolau)",
    "exame pélvico": "examen pélvico",
    "ultrassom pélvico": "ultrasonido pélvico",
    "doença inflamatória pélvica (pid)": "enfermedad inflamatoria de la pelvis",
    "placenta": "placenta",
    "pós parto": "post-parto",
    "pré-eclâmpsia": "preeclampsia",
    "gravidez": "embarazo",
    "teste de gravidez": "test del embarazo",
    "grávida": "embarazada; preñada",
    "pré-natal": "prenatal",
    "cuidados pré-natais": "cuidados prenatales",
    "prematuro": "prematuro/a",
    "progesterona": "progesterona",
    "prolapso": "prolapso",
    "empurrar": "empujar, pujar",
    "quádruplo": "cuatrillizo",
    "fator rh": "factor rh",
    "absorventes higiênicos": "toallas/compresas higiénicas",
    "tela de câncer de mama": "examinar en busca de cáncer del seno/ mama; detección de cáncer de mama",
    "espéculo": "espéculo",
    "natimorto": "parto de un feto muerto",
    "tampão": "tampón",
    "bebê de proveta": "bebé probeta",
    "amarre os tubos": "ligar las trompas (atar los tubos)",
    "síndrome do choque tóxico": "síndrome del shock tóxico",
    "trigêmeos": "trillizos",
    "laqueadura tubária": "ligadura de trompas",
    "gêmeos": "gemelos, mellizos",
    "ultrassom": "ecocardiografía, ecografía, ultrasonido",
    "infecção do trato urinário (ITU)": "infección del tracto urinario",
    "sangramento vaginal": "sangrado vaginal",
    "corrimento vaginal": "descarga vaginal / flujo",
    "vaginite": "vaginitis",
    "desmamar": "destetar",
    "infecção por fungos": "levadura / hongos",
    "Terapia adjuvante": "terapia adyuvante",
    "terapia alternativa": "terapia alternativa",
    "linfonodos axilares": "nódulos linfáticos axilares",
    "benigno": "benigno",
    "biópsia": "biopsia",
    "brca1 e brca2 (genes do câncer de mama)": "brca1 y brca2 (genes del cáncer de mama)",
    "cirurgia de conservação da mama (lumpectomia)": "cirugía conservadorea del seno (lumpectomía)",
    "massa mamária": "masa en el seno // mamaria",
    "carcinoma": "carcinoma",
    "carcinoma in situ": "carcinoma in situ",
    "quimioterapia": "quimioterapia",
    "alterações fibroblásticas da mama": "cambios fibroblásticos del seno",
    "terapia hormonal (endócrina)": "terapia hormonal (endocrinológica)",
    "câncer invasivo": "cáncer invasivo, invasor",
    "maligno": "maligno",
    "margens de ressecção": "márgenes de resección",
    "mastectomia": "mastectomía",
    "mastectomia radical modificada": "mastectomía radical modificada",
    "mastectomia radical": "mastectomía radical",
    "mastectomia simples (total)": "mastectomía simple (total)",
    "metástase": "metástasis",
    "metástase óssea": "metástasis ósea, del hueso",
    "metástase distante": "metástasis distante",
    "metástase local": "metástasis local",
    "metástase linfonodal": "metástasis a los nódulos linfáticos",
    "metastatizar": "hacer metástasis // metastatizar",
    "terapia neoadjuvante": "terapia neoadyuvante",
    "neoplasia": "neoplasia",
    "oncologista": "oncólogo/a",
    "prótese": "prótesis",
    "radioterapia": "terapia por radiación",
    "cirurgia reconstrutora": "cirugía reconstructiva",
    "recaída": "recaída, relapso",
    "sarcoma": "sarcoma",
    "terapia cirúrgica": "terapia quirúrgica",
    "tumor": "tumor",
    "teste de acuidade": "prueba de agudeza, precisión",
    "catarata": "catarata",
    "lentes de contato": "lentes de contacto",
    "transplante de córnea": "transplante de córnea",
    "vesgo": "bizco",
    "retinopatia diabética/cegueira diabética": "retinopatía diabética/ceguera por diabetes",
    "eletrorretinografia (erg)": "electroretinografía",
    "Oftalmologista": "oculista; médico de los ojos",
    "exame óptico": "examen ocular",
    "fadiga ocular": "tensión ocular",
    "clarividente": "ve bien de lejos",
    "hipermetropia": "que ve bien de lejos",
    "moscas volantes (manchas pretas na frente do olho)": "flotadores, manchas visuales",
    "visão nebulosa": "visión nublada / empañada",
    "glaucoma": "glaucoma",
    "degeneração macular": "degeneración macular",
    "míope": "ve bien de cerca (miope)",
    "miopia": "que ve bien de cerca (miopía)",
    "oculista": "oculista",
    "oftalmologista": "oftalmólogo",
    "oftalmoscopia": "oftalmoscopia",
    "optometrista": "optometrista",
    "presbiopia": "presbiopsia / presbicia",
    "descolamento da retina": "desprendimiento de la retina",
    "retinopatia": "retinopatía",
    "exame de lâmpada de fenda": "examen con lámpara de hendidura",
    "visão de túnel": "visión en túnel",
    "teste de acuidade visual": "prueba de agudeza visual",
    "campos visuais": "campos visuales",
    "joanetes": "juanetes",
    "bursite": "bursitis",
    "amplitude de exercícios de movimento": "rango de moción de ejercicios",
    "exercícios de fortalecimento": "ejercicios para fortalecerse",
    "ortopedista": "ortopedista",
    "podólogo": "podólogo, podiatra",
    "podologia": "podología, podiatría",
    "próteses": "protésico",
    "ponto lateral": "dolor lateral, bazo",
    "esporas": "espolón, espuelas",
    "Deformação": "tensiones, torceduras",
    "dar pontos": "poner puntos, dar puntadas, coser",
    "catapora": "varicela",
    "cólica": "cólico",
    "arrastar": "arrastre, gateado",
    "rastejar": "gatear, arrastrarse",
    "garupa": "anca, grupa",
    "dpt (toxóides diftérico e tetânico e vacina pertussis)": "dpt difteria- pertussis-tetanos (vacuna)",
    "ovos de um piolho": "liendres",
    "epiglotite": "epiglotitis",
    "sarampo alemão": "rubeóla",
    "hemangioma": "hemangioma",
    "hiperatividade": "hiperactividad",
    "imunizado": "inmunizado/a",
    "piolho/piolhos": "piojo/piojos",
    "sarampo": "sarampión",
    "caxumba": "paperas",
    "inflamação na orelha": "otitis media",
    "pediatra": "pediatra",
    "coqueluche": "tos ferina, tos convulsiva",
    "poliomielite": "polio",
    "vacina poliomielite": "vacuna contra la polio",
    "rubéola": "rubeóla",
    "varíola": "viruela",
    "vacinar": "vacunar",
    "vacinação": "vacunación",
    "molhar a cama": "mojar la cama",
    "pé de atleta": "pie de atleta",
    "joanete": "bunio, juanete",
    "capsulite": "capsulitas",
    "complicações nos pés": "complicaciones de los pies",
    "unhas fúngicas": "hongos de las uñas de los pies",
    "dedo do pé em martelo": "dedo en martillo",
    "unha encravada": "uña enterrada / encarnada",
    "doença vascular": "enfermedad vascular",
    "doença pulmonar obstrutiva crônica": "enfermedad pulmonar obstructiva crónica",
    "izonizida": "izonizid",
    "rifampicina": "rifampin",
    "enfisema": "enfisema",
    "empiema": "empiema",
    "pleura": "pleuras",
    "pleurismo": "pleurismo",
    "circulação pulmonar": "circulación pulmonar",
    "pressão pulmonar": "presión pulmonar",
    "sistema pulmonar": "sistema pulmonar",
    "tuberculose pulmonar": "tuberculosis pulmonar",
    "pneumologista": "pulmonólogo",
    "sistema respiratório": "sistema respiratorio",
    "tuberculose pleurisia": "tuberculosis pleuritis",
    "infecção respiratória superior": "infección respiratoria superior",
    "capacidade vital": "capacidad vital",
    "iodo radioativo": "yodo radioactivo",
    "rastreamento radioativo": "trazo radioactivo",
    "radiografia": "radiografía",
    "radiologista": "radiólogo",
    "técnico em radiologia": "técnico en radiología",
    "reabilitação ocupacional": "rehabilitación ocupacional",
    "fisioterapia": "fisioterapia",
    "doença degenerativa do disco": "enfermedad de disco degenerativa",
    "doença articular degenerativa": "enfermedad degenerativa de las articulaciones",
    "fibromialgia": "fibromialgia",
    "gota": "gota",
    "fluido articular": "líquido articular",
    "medição da inflamação": "medida de la inflamación",
    "artrose": "osteoartritis",
    "reumatismo": "reumatismo",
    "artrite reumatoide": "arthritis reumatoide(a)",
    "teste de fator sanguíneo reumatoide": "examen de factor reumatoide(o) en la sangre",
    "reumatologista": "reumatólogo",
    "Reumatologia": "reumatología",
    "abuso infantil": "abuso, maltrato infantil",
    "violência doméstica": "violencia doméstica",
    "Medicaid": "medicaid",
    "assistência médica": "medicare",
    "insuficiência renal crônica": "ataque renal crónico",
    "ejacular": "eyacular",
    "ejaculação": "eyaculación",
    "epididimite": "epididimitis",
    "ereção": "erección",
    "hematoúria": "hematouria",
    "impotência": "impotencia",
    "incontinência": "incontinencia",
    "pedras nos rins": "cálculos // piedras renales, en el riñón",
    "microalbumina": "microalbumina",
    "proteinúria": "proteinuria",
    "renal": "renal",
    "jato forte de urina": "chorro, flujo, caudal fuerte de orina",
    "infecção do trato urinário": "infección del tracto urinario",
    "urologista": "urólogo",
    "urologia": "urología",
    "vasectomia": "vasectomía"
}